year,round_num,driver,team,grid_position,quali_time,is_sprint_weekend,sprint_position,sprint_points,rainfall,track_temp,track_chaos,compound_fracMEDIUM,compound_fracSOFT,finish_position,race_points,compound_fracINTERMEDIATE,compound_fracWET,volatility,teammate_gap_quali_time,compound_fracNone,compound_fracHARD,team_volatility
2022,1,LEC,Ferrari,1.0,90.558,False,,0.0,0.0,25.40384615384616,1.0,0.0,1.0,1.0,26.0,,,,-0.1289999999999906,,,
2022,1,SAI,Ferrari,3.0,90.687,False,,0.0,0.0,25.40384615384616,1.0,0.0,1.0,2.0,18.0,,,,0.1289999999999906,,,
2022,1,HAM,Mercedes,5.0,91.048,False,,0.0,0.0,25.40384615384616,1.0,0.0,1.0,3.0,15.0,,,,-0.2039999999999935,,,
2022,1,RUS,Mercedes,9.0,91.252,False,,0.0,0.0,25.40384615384616,1.0,0.0,1.0,4.0,12.0,,,,0.2039999999999935,,,
2022,1,MAG,Haas F1 Team,7.0,91.461,False,,0.0,0.0,25.40384615384616,1.0,0.0,1.0,5.0,10.0,,,,-0.5370000000000061,,,
2022,1,BOT,Alfa Romeo,6.0,91.56,False,,0.0,0.0,25.40384615384616,1.0,0.0,1.0,6.0,8.0,,,,-0.9329999999999928,,,
2022,1,OCO,Alpine,11.0,91.782,False,,0.0,0.0,25.40384615384616,0.0,0.0,1.0,7.0,6.0,,,,0.1610000000000013,,,
2022,1,TSU,AlphaTauri,16.0,92.75,False,,0.0,0.0,25.40384615384616,0.0,0.0,1.0,8.0,4.0,,,,1.1149999999999949,,,
2022,1,ALO,Alpine,8.0,91.621,False,,0.0,0.0,25.40384615384616,1.0,0.0,1.0,9.0,2.0,,,,-0.1610000000000013,,,
2022,1,ZHO,Alfa Romeo,15.0,92.493,False,,0.0,0.0,25.40384615384616,0.0,0.0,1.0,10.0,1.0,,,,0.9329999999999928,,,
2022,1,MSC,Haas F1 Team,12.0,91.998,False,,0.0,0.0,25.40384615384616,0.0,0.0,1.0,11.0,0.0,,,,0.5370000000000061,,,
2022,1,STR,Aston Martin,19.0,93.032,False,,0.0,0.0,25.40384615384616,0.0,0.0,1.0,12.0,0.0,,,,0.2549999999999954,,,
2022,1,ALB,Williams,14.0,92.664,False,,0.0,0.0,25.40384615384616,0.0,0.1538461538461538,0.8461538461538461,13.0,0.0,,,,-0.9699999999999988,,,
2022,1,RIC,McLaren,18.0,92.945,False,,0.0,0.0,25.40384615384616,0.0,0.0,1.0,14.0,0.0,,,,0.9369999999999976,,,
2022,1,NOR,McLaren,13.0,92.008,False,,0.0,0.0,25.40384615384616,0.0,0.0,1.0,15.0,0.0,,,,-0.9369999999999976,,,
2022,1,LAT,Williams,20.0,93.634,False,,0.0,0.0,25.40384615384616,0.0,0.25,0.75,16.0,0.0,,,,0.9699999999999988,,,
2022,1,HUL,Aston Martin,17.0,92.777,False,,0.0,0.0,25.40384615384616,0.0,0.0,1.0,17.0,0.0,,,,-0.2549999999999954,,,
2022,1,PER,Red Bull Racing,4.0,90.921,False,,0.0,0.0,25.40384615384616,1.0,0.0,1.0,18.0,0.0,,,,0.2400000000000091,,,
2022,1,VER,Red Bull Racing,2.0,90.681,False,,0.0,0.0,25.40384615384616,1.0,0.0,1.0,19.0,0.0,,,,-0.2400000000000091,,,
2022,1,GAS,AlphaTauri,10.0,91.635,False,,0.0,0.0,25.40384615384616,2.0,0.0,1.0,20.0,0.0,,,,-1.1149999999999949,,,
2022,2,VER,Red Bull Racing,4.0,88.461,False,,0.0,0.0,25.364335664335663,1.0,0.0,1.0,1.0,25.0,,,,0.2609999999999957,,,
2022,2,LEC,Ferrari,2.0,88.225,False,,0.0,0.0,25.364335664335663,2.0,0.0,1.0,2.0,19.0,,,,-0.1770000000000067,,,
2022,2,SAI,Ferrari,3.0,88.402,False,,0.0,0.0,25.364335664335663,2.0,0.0,1.0,3.0,15.0,,,,0.1770000000000067,,,
2022,2,PER,Red Bull Racing,1.0,88.2,False,,0.0,0.0,25.364335664335663,1.0,0.0,1.0,4.0,12.0,,,,-0.2609999999999957,,,
2022,2,RUS,Mercedes,6.0,89.104,False,,0.0,0.0,25.364335664335663,2.0,0.3333333333333333,0.6666666666666666,5.0,10.0,,,,-1.2390000000000043,,,
2022,2,OCO,Alpine,5.0,89.068,False,,0.0,0.0,25.364335664335663,0.0,0.0,1.0,6.0,8.0,,,,-0.0790000000000077,,,
2022,2,NOR,McLaren,11.0,89.651,False,,0.0,0.0,25.364335664335663,2.0,0.0,1.0,7.0,6.0,,,,-0.1219999999999998,,,
2022,2,GAS,AlphaTauri,9.0,89.254,False,,0.0,0.0,25.364335664335663,2.0,0.0,1.0,8.0,4.0,,,,,,,
2022,2,MAG,Haas F1 Team,10.0,89.546,False,,0.0,0.0,25.364335664335663,2.0,0.0,1.0,9.0,2.0,,,,-0.3739999999999952,,,
2022,2,HAM,Mercedes,15.0,90.343,False,,0.0,0.0,25.364335664335663,1.0,0.3636363636363636,0.6363636363636364,10.0,1.0,,,,1.2390000000000043,,,
2022,2,ZHO,Alfa Romeo,12.0,89.819,False,,0.0,0.0,25.364335664335663,2.0,0.0,1.0,11.0,0.0,,,,0.6359999999999957,,,
2022,2,HUL,Aston Martin,17.0,90.543,False,,0.0,0.0,25.364335664335663,2.0,0.0,1.0,12.0,0.0,,,,0.2870000000000061,,,
2022,2,STR,Aston Martin,13.0,90.256,False,,0.0,0.0,25.364335664335663,4.0,0.0,1.0,13.0,0.0,,,,-0.2870000000000061,,,
2022,2,ALB,Williams,16.0,90.492,False,,0.0,0.0,25.364335664335663,1.0,0.0,1.0,14.0,0.0,,,,-1.3249999999999886,,,
2022,2,BOT,Alfa Romeo,8.0,89.183,False,,0.0,0.0,25.364335664335663,1.0,0.0,1.0,15.0,0.0,,,,-0.6359999999999957,,,
2022,2,ALO,Alpine,7.0,89.147,False,,0.0,0.0,25.364335664335663,0.0,0.0,1.0,16.0,0.0,,,,0.0790000000000077,,,
2022,2,RIC,McLaren,14.0,89.773,False,,0.0,0.0,25.364335664335663,2.0,0.0,1.0,17.0,0.0,,,,0.1219999999999998,,,
2022,2,LAT,Williams,18.0,91.817,False,,0.0,0.0,25.364335664335663,1.0,0.0,1.0,18.0,0.0,,,,1.3249999999999886,,,
2022,2,TSU,AlphaTauri,19.0,,False,,0.0,0.0,25.364335664335663,1.0,0.0,1.0,19.0,0.0,,,,,,,
2022,2,MSC,Haas F1 Team,,89.92,False,,0.0,0.0,25.364335664335663,2.0,0.0,1.0,,0.0,,,,0.3739999999999952,,,
2022,3,LEC,Ferrari,1.0,77.868,False,,0.0,0.0,29.152252252252254,7.0,,1.0,1.0,26.0,,,,-0.6009999999999991,,,
2022,3,PER,Red Bull Racing,3.0,78.24,False,,0.0,0.0,29.152252252252254,6.0,,1.0,2.0,18.0,,,,0.0859999999999985,,,
2022,3,RUS,Mercedes,6.0,78.933,False,,0.0,0.0,29.152252252252254,5.0,,1.0,3.0,15.0,,,,0.108000000000004,,,
2022,3,HAM,Mercedes,5.0,78.825,False,,0.0,0.0,29.152252252252254,5.0,,1.0,4.0,12.0,,,,-0.108000000000004,,,
2022,3,NOR,McLaren,4.0,78.703,False,,0.0,0.0,29.152252252252254,6.0,,1.0,5.0,10.0,,,,-0.3289999999999935,,,
2022,3,RIC,McLaren,7.0,79.032,False,,0.0,0.0,29.152252252252254,7.0,,1.0,6.0,8.0,,,,0.3289999999999935,,,
2022,3,OCO,Alpine,8.0,79.061,False,,0.0,0.0,29.152252252252254,6.0,,1.0,7.0,6.0,,,,0.2460000000000093,,,
2022,3,BOT,Alfa Romeo,12.0,79.251,False,,0.0,0.0,29.152252252252254,3.0,,1.0,8.0,4.0,,,,-0.6589999999999918,,,
2022,3,GAS,AlphaTauri,11.0,79.226,False,,0.0,0.0,29.152252252252254,5.0,,1.0,9.0,2.0,,,,-0.1980000000000075,,,
2022,3,ALB,Williams,20.0,80.135,False,,0.0,0.0,29.152252252252254,4.0,,1.0,10.0,1.0,,,,-1.2369999999999948,,,
2022,3,ZHO,Alfa Romeo,14.0,79.91,False,,0.0,0.0,29.152252252252254,4.0,,1.0,11.0,0.0,,,,0.6589999999999918,,,
2022,3,STR,Aston Martin,19.0,,False,,0.0,0.0,29.152252252252254,1.0,,1.0,12.0,0.0,,,,,,,
2022,3,MSC,Haas F1 Team,15.0,80.104,False,,0.0,0.0,29.152252252252254,5.0,,1.0,13.0,0.0,,,,-0.1500000000000056,,,
2022,3,MAG,Haas F1 Team,16.0,80.254,False,,0.0,0.0,29.152252252252254,3.0,,1.0,14.0,0.0,,,,0.1500000000000056,,,
2022,3,TSU,AlphaTauri,13.0,79.424,False,,0.0,0.0,29.152252252252254,5.0,,1.0,15.0,0.0,,,,0.1980000000000075,,,
2022,3,LAT,Williams,18.0,81.372,False,,0.0,0.0,29.152252252252254,3.0,,1.0,16.0,0.0,,,,1.2369999999999948,,,
2022,3,ALO,Alpine,10.0,78.815,False,,0.0,0.0,29.152252252252254,5.0,,1.0,17.0,0.0,,,,-0.2460000000000093,,,
2022,3,VER,Red Bull Racing,2.0,78.154,False,,0.0,0.0,29.152252252252254,7.0,,1.0,18.0,0.0,,,,-0.0859999999999985,,,
2022,3,VET,Aston Martin,17.0,81.149,False,,0.0,0.0,29.152252252252254,1.0,,1.0,19.0,0.0,,,,,,,
2022,3,SAI,Ferrari,9.0,78.469,False,,0.0,0.0,29.152252252252254,6.0,,1.0,20.0,0.0,,,,0.6009999999999991,,,
2022,4,VER,Red Bull Racing,1.0,78.793,True,1.0,8.0,1.0,14.312389380530972,7.0,,0.5,1.0,26.0,0.5,,,-0.5030000000000001,,,8.64924989866311
2022,4,PER,Red Bull Racing,3.0,79.296,True,3.0,6.0,1.0,14.312389380530972,5.0,,0.5,2.0,18.0,0.5,,,0.5030000000000001,,,8.824209124146291
2022,4,NOR,McLaren,5.0,79.294,True,5.0,4.0,1.0,14.312389380530972,6.0,,0.5454545454545454,3.0,15.0,0.4545454545454545,,,-0.686000000000007,,,5.240865068542279
2022,4,RUS,Mercedes,11.0,80.383,True,11.0,0.0,1.0,14.312389380530972,2.0,,0.8,4.0,12.0,0.2,,,-0.0870000000000033,,,3.9157800414902435
2022,4,BOT,Alfa Romeo,7.0,80.192,True,7.0,2.0,1.0,14.312389380530972,4.0,,0.6956521739130435,5.0,10.0,0.3043478260869565,,,0.4619999999999891,,,3.0605010483034745
2022,4,LEC,Ferrari,2.0,78.796,True,2.0,7.0,1.0,14.312389380530972,6.0,,0.6190476190476191,6.0,8.0,0.3809523809523809,,,-0.1939999999999884,,,7.467708260682569
2022,4,TSU,AlphaTauri,12.0,80.474,True,12.0,0.0,1.0,14.312389380530972,2.0,,0.8181818181818182,7.0,6.0,0.1818181818181818,,,-0.2579999999999955,,,5.0990195135927845
2022,4,VET,Aston Martin,13.0,79.957,True,13.0,0.0,1.0,14.312389380530972,8.0,,0.6,8.0,4.0,0.4,,,-0.3850000000000051,,,3.2071349029490928
2022,4,MAG,Haas F1 Team,8.0,79.902,True,8.0,1.0,1.0,14.312389380530972,6.0,,0.6190476190476191,9.0,2.0,0.3809523809523809,,,-0.519999999999996,,,
2022,4,STR,Aston Martin,15.0,80.342,True,15.0,0.0,1.0,14.312389380530972,2.0,,1.0,10.0,1.0,0.0,,,0.3850000000000051,,,3.0605010483034745
2022,4,ALB,Williams,18.0,,True,18.0,0.0,1.0,14.312389380530972,1.0,,0.6666666666666666,11.0,0.0,0.3333333333333333,,,,,,2.8106938645110393
2022,4,GAS,AlphaTauri,17.0,80.732,True,17.0,0.0,1.0,14.312389380530972,2.0,,0.8181818181818182,12.0,0.0,0.1818181818181818,,,0.2579999999999955,,,5.564770136013407
2022,4,HAM,Mercedes,14.0,80.47,True,14.0,0.0,1.0,14.312389380530972,1.0,,0.7857142857142857,13.0,0.0,0.2142857142857142,,,0.0870000000000033,,,2.639444385977221
2022,4,OCO,Alpine,16.0,82.338,True,16.0,0.0,1.0,14.312389380530972,2.0,,1.0,14.0,0.0,0.0,,,2.742999999999995,,,5.533448076836686
2022,4,ZHO,Alfa Romeo,0.0,79.73,True,20.0,0.0,1.0,14.312389380530972,4.0,,1.0,15.0,0.0,0.0,,,-0.4619999999999891,,,3.408672412985387
2022,4,LAT,Williams,19.0,81.971,True,19.0,0.0,1.0,14.312389380530972,2.0,,0.8461538461538461,16.0,0.0,0.1538461538461538,,,,,,2.886751345948129
2022,4,MSC,Haas F1 Team,10.0,80.422,True,10.0,0.0,1.0,14.312389380530972,3.0,,0.875,17.0,0.0,0.125,,,0.519999999999996,,,3.2506409624359724
2022,4,RIC,McLaren,6.0,79.98,True,6.0,3.0,1.0,14.312389380530972,7.0,,0.6190476190476191,18.0,0.0,0.3809523809523809,,,0.686000000000007,,,5.593363414414826
2022,4,ALO,Alpine,9.0,79.595,True,9.0,0.0,1.0,14.312389380530972,6.0,,0.6,19.0,0.0,0.4,,,-2.742999999999995,,,4.88535225614967
2022,4,SAI,Ferrari,4.0,78.99,True,4.0,5.0,1.0,14.312389380530972,3.0,,1.0,20.0,0.0,0.0,,,0.1939999999999884,,,6.831300510639733
2022,5,VER,Red Bull Racing,3.0,88.991,False,,0.0,0.0,51.20875000000001,0.0,,1.0,1.0,26.0,,,,-0.0450000000000017,,,8.077747210701755
2022,5,LEC,Ferrari,1.0,88.796,False,,0.0,0.0,51.20875000000001,0.0,,1.0,2.0,18.0,,,,-0.1899999999999977,,,8.25378700960959
2022,5,SAI,Ferrari,2.0,88.986,False,,0.0,0.0,51.20875000000001,0.0,,1.0,3.0,15.0,,,,0.1899999999999977,,,7.889866919029751
2022,5,PER,Red Bull Racing,4.0,89.036,False,,0.0,0.0,51.20875000000001,0.0,,1.0,4.0,12.0,,,,0.0450000000000017,,,8.509448530058473
2022,5,RUS,Mercedes,12.0,90.173,False,,0.0,0.0,51.20875000000001,0.0,,1.0,5.0,10.0,,,,0.5480000000000018,,,3.4560735588879536
2022,5,HAM,Mercedes,6.0,89.625,False,,0.0,0.0,51.20875000000001,0.0,,1.0,6.0,8.0,,,,-0.5480000000000018,,,3.693623849670827
2022,5,BOT,Alfa Romeo,5.0,89.475,False,,0.0,0.0,51.20875000000001,0.0,,1.0,7.0,6.0,,,,-1.5450000000000017,,,3.720119045714225
2022,5,OCO,Alpine,20.0,,False,,0.0,0.0,51.20875000000001,,,,8.0,4.0,,,,,,,4.867693955503411
2022,5,ALB,Williams,18.0,91.266,False,,0.0,0.0,51.20875000000001,0.0,,1.0,9.0,2.0,,,,-0.0589999999999975,,,2.7645717829090897
2022,5,STR,Aston Martin,0.0,89.996,False,,0.0,0.0,51.20875000000001,0.0,,1.0,10.0,1.0,,,,-0.2180000000000035,,,3.563204817496262
2022,5,ALO,Alpine,11.0,90.16,False,,0.0,0.0,51.20875000000001,0.0,,1.0,11.0,0.0,,,,,,,5.19443383412888
2022,5,TSU,AlphaTauri,9.0,89.932,False,,0.0,0.0,51.20875000000001,0.0,,1.0,12.0,0.0,,,,0.2420000000000044,,,5.206833117271103
2022,5,RIC,McLaren,14.0,90.31,False,,0.0,0.0,51.20875000000001,0.0,,1.0,13.0,0.0,,,,0.6760000000000019,,,6.24722160466377
2022,5,LAT,Williams,19.0,91.325,False,,0.0,0.0,51.20875000000001,0.0,,1.0,14.0,0.0,,,,0.0589999999999975,,,3.122498999199199
2022,5,MSC,Haas F1 Team,15.0,90.423,False,,0.0,0.0,51.20875000000001,0.0,,1.0,15.0,0.0,,,,-0.5519999999999925,,,4.026696625558686
2022,5,MAG,Haas F1 Team,16.0,90.975,False,,0.0,0.0,51.20875000000001,0.0,,1.0,16.0,0.0,,,,0.5519999999999925,,,3.9339789623472154
2022,5,VET,Aston Martin,0.0,90.214,False,,0.0,0.0,51.20875000000001,0.0,,1.0,17.0,0.0,,,,0.2180000000000035,,,3.4681086744474685
2022,5,GAS,AlphaTauri,7.0,89.69,False,,0.0,0.0,51.20875000000001,0.0,,1.0,18.0,0.0,,,,-0.2420000000000044,,,5.175491695067657
2022,5,NOR,McLaren,8.0,89.634,False,,0.0,0.0,51.20875000000001,0.0,,1.0,19.0,0.0,,,,-0.6760000000000019,,,5.974648824109127
2022,5,ZHO,Alfa Romeo,17.0,91.02,False,,0.0,0.0,51.20875000000001,0.0,,1.0,20.0,0.0,,,,1.5450000000000017,,,3.632415786283895
2022,6,VER,Red Bull Racing,2.0,79.073,False,,0.0,0.0,47.19871794871794,0.0,,1.0,1.0,25.0,,,9.591663046625438,-0.3470000000000084,,,6.995236474439826
2022,6,PER,Red Bull Racing,5.0,79.42,False,,0.0,0.0,47.19871794871794,0.0,,1.0,2.0,19.0,,,6.782329983125268,0.3470000000000084,,,7.9021797274197985
2022,6,RUS,Mercedes,4.0,79.393,False,,0.0,0.0,47.19871794871794,0.0,,1.0,3.0,15.0,,,0.8366600265340756,-0.1189999999999997,,,3.142893217686178
2022,6,SAI,Ferrari,3.0,79.166,False,,0.0,0.0,47.19871794871794,0.0,,1.0,4.0,12.0,,,9.50263121456368,0.4159999999999968,,,8.45182426067493
2022,6,HAM,Mercedes,6.0,79.512,False,,0.0,0.0,47.19871794871794,0.0,,1.0,5.0,10.0,,,4.207136793592526,0.1189999999999997,,,3.2676869155073254
2022,6,BOT,Alfa Romeo,7.0,79.608,False,,0.0,0.0,47.19871794871794,0.0,,1.0,6.0,8.0,,,3.96232255123179,-0.867999999999995,,,4.7093288033198295
2022,6,OCO,Alpine,12.0,80.638,False,,0.0,0.0,47.19871794871794,0.0,,1.0,7.0,6.0,,,3.209361307176242,-0.4050000000000011,,,4.742245131674331
2022,6,NOR,McLaren,11.0,80.471,False,,0.0,0.0,47.19871794871794,0.0,,1.0,8.0,4.0,,,6.870225614927067,0.1839999999999975,,,5.9076221950967716
2022,6,ALO,Alpine,20.0,81.043,False,,0.0,0.0,47.19871794871794,0.0,,1.0,9.0,2.0,,,4.219004621945797,0.4050000000000011,,,4.742245131674331
2022,6,TSU,AlphaTauri,13.0,80.639,False,,0.0,0.0,47.19871794871794,0.0,,1.0,10.0,1.0,,,4.969909455915671,-0.0799999999999983,,,4.228212125447088
2022,6,VET,Aston Martin,16.0,80.954,False,,0.0,0.0,47.19871794871794,0.0,,1.0,11.0,0.0,,,,-0.4640000000000128,,,3.359894178227774
2022,6,RIC,McLaren,9.0,80.287,False,,0.0,0.0,47.19871794871794,0.0,,1.0,12.0,0.0,,,4.722287581247038,-0.1839999999999975,,,5.887840577551897
2022,6,GAS,AlphaTauri,14.0,80.719,False,,0.0,0.0,47.19871794871794,0.0,,1.0,13.0,0.0,,,5.366563145999495,0.0799999999999983,,,4.917090377222873
2022,6,MSC,Haas F1 Team,10.0,80.368,False,,0.0,0.0,47.19871794871794,0.0,,1.0,14.0,0.0,,,,0.6859999999999928,,,3.166666666666665
2022,6,STR,Aston Martin,17.0,81.418,False,,0.0,0.0,47.19871794871794,0.0,,1.0,15.0,0.0,,,1.3416407864998738,0.4640000000000128,,,3.559026084010437
2022,6,LAT,Williams,19.0,81.915,False,,0.0,0.0,47.19871794871794,0.0,,1.0,16.0,0.0,,,1.4142135623730951,0.2700000000000102,,,3.22490309931942
2022,6,MAG,Haas F1 Team,8.0,79.682,False,,0.0,0.0,47.19871794871794,0.0,,1.0,17.0,0.0,,,4.39317652729776,-0.6859999999999928,,,3.919325338768282
2022,6,ALB,Williams,18.0,81.645,False,,0.0,0.0,47.19871794871794,0.0,,1.0,18.0,0.0,,,2.0736441353327724,-0.2700000000000102,,,2.94580681270476
2022,6,ZHO,Alfa Romeo,15.0,80.476,False,,0.0,0.0,47.19871794871794,0.0,,1.0,19.0,0.0,,,4.159326868617084,0.867999999999995,,,4.7093288033198295
2022,6,LEC,Ferrari,1.0,78.75,False,,0.0,0.0,47.19871794871794,0.0,,1.0,20.0,0.0,,,2.0736441353327724,-0.4159999999999968,,,7.512951779723097
2022,7,PER,Red Bull Racing,3.0,71.629,False,,0.0,0.0,48.44444444444445,3.0,,1.0,1.0,25.0,,,1.095445115010332,-0.0369999999999919,,,5.18973345494095
2022,7,SAI,Ferrari,2.0,71.601,False,,0.0,0.0,48.44444444444445,3.0,,1.0,2.0,18.0,,,9.137833441248532,0.2249999999999943,,,8.179242018671413
2022,7,VER,Red Bull Racing,4.0,71.666,False,,0.0,0.0,48.44444444444445,4.0,,1.0,3.0,15.0,,,7.602631123499285,0.0369999999999919,,,5.250396810400779
2022,7,LEC,Ferrari,1.0,71.376,False,,0.0,0.0,48.44444444444445,3.0,,1.0,4.0,12.0,,,7.9498427657407165,-0.2249999999999943,,,8.319321553534946
2022,7,RUS,Mercedes,6.0,72.112,False,,0.0,0.0,48.44444444444445,3.0,,1.0,5.0,10.0,,,1.0,-0.4480000000000075,,,2.9888682361946524
2022,7,NOR,McLaren,5.0,71.849,False,,0.0,0.0,48.44444444444445,4.0,,1.0,6.0,9.0,,,6.228964600958975,-1.1149999999999949,,,5.8080404038998665
2022,7,ALO,Alpine,7.0,72.247,False,,0.0,0.0,48.44444444444445,4.0,,1.0,7.0,6.0,,,4.219004621945797,-0.2810000000000059,,,4.742245131674331
2022,7,HAM,Mercedes,8.0,72.56,False,,0.0,0.0,48.44444444444445,4.0,,1.0,8.0,4.0,,,3.781534080237808,0.4480000000000075,,,3.2249030993194197
2022,7,BOT,Alfa Romeo,12.0,72.909,False,,0.0,0.0,48.44444444444445,2.0,,1.0,9.0,2.0,,,3.96232255123179,-2.6969999999999885,,,5.355163655555055
2022,7,VET,Aston Martin,9.0,72.613,False,,0.0,0.0,48.44444444444445,3.0,,1.0,10.0,1.0,,,,-1.0649999999999975,,,3.4140233677518315
2022,7,GAS,AlphaTauri,17.0,73.66,False,,0.0,0.0,48.44444444444445,1.0,,1.0,11.0,0.0,,,3.9370039370059056,0.8629999999999995,,,4.056544780420348
2022,7,OCO,Alpine,10.0,72.528,False,,0.0,0.0,48.44444444444445,4.0,,1.0,12.0,0.0,,,3.209361307176242,0.2810000000000059,,,4.624812308503869
2022,7,RIC,McLaren,14.0,72.964,False,,0.0,0.0,48.44444444444445,2.0,,1.0,13.0,0.0,,,4.764451699828638,1.1149999999999949,,,5.888784066153027
2022,7,STR,Aston Martin,18.0,73.678,False,,0.0,0.0,48.44444444444445,1.0,,1.0,14.0,0.0,,,2.1213203435596424,1.0649999999999975,,,3.400980250849256
2022,7,LAT,Williams,19.0,74.403,False,,0.0,0.0,48.44444444444445,1.0,,1.0,15.0,0.0,,,1.4142135623730951,0.7920000000000016,,,3.438345855527367
2022,7,ZHO,Alfa Romeo,20.0,75.606,False,,0.0,0.0,48.44444444444445,1.0,,1.0,16.0,0.0,,,4.266145801540309,2.6969999999999885,,,5.279941077112298
2022,7,TSU,AlphaTauri,11.0,72.797,False,,0.0,0.0,48.44444444444445,2.0,,1.0,17.0,0.0,,,4.61519230368573,-0.8629999999999995,,,3.8064273129653867
2022,7,ALB,Williams,16.0,73.611,False,,0.0,0.0,48.44444444444445,1.0,,1.0,18.0,0.0,,,3.646916505762094,-0.7920000000000016,,,3.2249030993194197
2022,7,MSC,Haas F1 Team,15.0,73.081,False,,0.0,0.0,48.44444444444445,2.0,,1.0,19.0,0.0,,,,0.1599999999999966,,,3.0822070014844867
2022,7,MAG,Haas F1 Team,13.0,72.921,False,,0.0,0.0,48.44444444444445,2.0,,1.0,20.0,0.0,,,3.8078865529319534,-0.1599999999999966,,,3.0322342331100405
2022,8,VER,Red Bull Racing,3.0,101.706,False,,0.0,0.0,35.17522123893806,7.0,,1.0,1.0,25.0,,,7.429670248402684,0.0649999999999977,,,5.1908038341324785
2022,8,PER,Red Bull Racing,2.0,101.641,False,,0.0,0.0,35.17522123893806,6.0,,1.0,2.0,19.0,,,1.095445115010332,-0.0649999999999977,,,5.1908038341324785
2022,8,RUS,Mercedes,5.0,102.712,False,,0.0,0.0,35.17522123893806,9.0,,1.0,3.0,15.0,,,1.0,-0.2120000000000033,,,2.9888682361946524
2022,8,HAM,Mercedes,7.0,102.924,False,,0.0,0.0,35.17522123893806,8.0,,1.0,4.0,12.0,,,3.5637059362410923,0.2120000000000033,,,2.9888682361946524
2022,8,GAS,AlphaTauri,6.0,102.845,False,,0.0,0.0,35.17522123893806,9.0,,1.0,5.0,10.0,,,3.361547262794322,-0.2109999999999985,,,3.4705106892854327
2022,8,VET,Aston Martin,9.0,103.091,False,,0.0,0.0,35.17522123893806,7.0,,1.0,6.0,8.0,,,4.743416490252569,-2.280000000000001,,,3.681787005729087
2022,8,ALO,Alpine,10.0,103.173,False,,0.0,0.0,35.17522123893806,7.0,,1.0,7.0,6.0,,,5.176871642217914,-0.4119999999999919,,,4.3576242252962665
2022,8,RIC,McLaren,12.0,103.574,False,,0.0,0.0,35.17522123893806,7.0,,1.0,8.0,4.0,,,4.277849927241488,0.1760000000000019,,,5.250396810400778
2022,8,NOR,McLaren,11.0,103.398,False,,0.0,0.0,35.17522123893806,7.0,,1.0,9.0,2.0,,,6.300793600809346,-0.1760000000000019,,,5.5387523665332585
2022,8,OCO,Alpine,13.0,103.585,False,,0.0,0.0,35.17522123893806,8.0,,1.0,10.0,1.0,,,3.209361307176242,0.4119999999999919,,,3.9846929339382946
2022,8,BOT,Alfa Romeo,15.0,104.444,False,,0.0,0.0,35.17522123893806,8.0,,1.0,11.0,0.0,,,1.581138830084189,0.6670000000000016,,,5.501514942874069
2022,8,ALB,Williams,17.0,104.719,False,,0.0,0.0,35.17522123893806,5.0,,1.0,12.0,0.0,,,4.43846820423443,-0.6480000000000103,,,3.2335051500740732
2022,8,TSU,AlphaTauri,8.0,103.056,False,,0.0,0.0,35.17522123893806,9.0,,1.0,13.0,0.0,,,3.96232255123179,0.2109999999999985,,,4.08248290463863
2022,8,MSC,Haas F1 Team,20.0,105.775,False,,0.0,0.0,35.17522123893806,5.0,,1.0,14.0,0.0,,,2.40831891575846,1.132000000000005,,,3.164033993355808
2022,8,LAT,Williams,18.0,105.367,False,,0.0,0.0,35.17522123893806,4.0,,1.0,15.0,0.0,,,0.8944271909999162,0.6480000000000103,,,2.990726407487727
2022,8,STR,Aston Martin,19.0,105.371,False,,0.0,0.0,35.17522123893806,4.0,,1.0,16.0,0.0,,,2.280350850198276,2.280000000000001,,,3.533962208186286
2022,8,MAG,Haas F1 Team,16.0,104.643,False,,0.0,0.0,35.17522123893806,5.0,,1.0,17.0,0.0,,,4.08656334834051,-1.132000000000005,,,3.169297153067922
2022,8,ZHO,Alfa Romeo,14.0,103.777,False,,0.0,0.0,35.17522123893806,8.0,,1.0,18.0,0.0,,,3.5637059362410928,-0.6670000000000016,,,5.3634565968847605
2022,8,LEC,Ferrari,1.0,101.359,False,,0.0,0.0,35.17522123893806,7.0,,1.0,19.0,0.0,,,7.733045971672482,-0.4549999999999983,,,8.256983576208553
2022,8,SAI,Ferrari,4.0,101.814,False,,0.0,0.0,35.17522123893806,7.0,,1.0,20.0,0.0,,,9.338094023943002,0.4549999999999983,,,8.472176684759223
2022,9,VER,Red Bull Racing,1.0,81.299,False,,0.0,1.0,18.12333333333333,10.0,,0.0,1.0,25.0,0.3333333333333333,0.6666666666666666,0.8944271909999199,-11.827999999999989,,,5.853773711604051
2022,9,SAI,Ferrari,3.0,82.096,False,,0.0,1.0,18.12333333333333,4.0,,0.0,2.0,19.0,0.6551724137931034,0.3448275862068966,9.338094023943002,-10.911999999999992,,,8.530338015967871
2022,9,HAM,Mercedes,4.0,82.891,False,,0.0,1.0,18.12333333333333,5.0,,0.0,3.0,15.0,0.5483870967741935,0.4516129032258064,3.5637059362410923,-0.6659999999999968,,,2.9888682361946524
2022,9,RUS,Mercedes,8.0,83.557,False,,0.0,1.0,18.12333333333333,4.0,,0.1,4.0,12.0,0.4333333333333333,0.4666666666666667,1.0,0.6659999999999968,,,1.577621275493231
2022,9,LEC,Ferrari,19.0,93.008,False,,0.0,1.0,18.12333333333333,1.0,,0.0,5.0,10.0,0.0,1.0,8.613942186943213,10.911999999999992,,,8.472176684759223
2022,9,OCO,Alpine,7.0,83.529,False,,0.0,1.0,18.12333333333333,6.0,,0.0,6.0,8.0,0.6333333333333333,0.3666666666666666,2.8635642126552705,1.5849999999999935,,,2.366431913239846
2022,9,BOT,Alfa Romeo,11.0,86.788,False,,0.0,1.0,18.12333333333333,4.0,,0.0,7.0,6.0,0.3333333333333333,0.6666666666666666,2.4083189157584592,2.757999999999996,,,5.680375574437544
2022,9,ZHO,Alfa Romeo,10.0,84.03,False,,0.0,1.0,18.12333333333333,6.0,,0.0,8.0,4.0,0.5483870967741935,0.4516129032258064,2.073644135332773,-2.757999999999996,,,5.411920998027306
2022,9,ALO,Alpine,2.0,81.944,False,,0.0,1.0,18.12333333333333,4.0,,0.0,9.0,2.0,0.6206896551724138,0.3793103448275862,4.979959839195493,-1.5849999999999935,,,3.835506630304673
2022,9,STR,Aston Martin,17.0,95.532,False,,0.0,1.0,18.12333333333333,1.0,,0.0,10.0,1.0,0.0,1.0,2.8284271247461903,1.019999999999996,,,3.622460796505909
2022,9,RIC,McLaren,9.0,83.749,False,,0.0,1.0,18.12333333333333,4.0,,0.0,11.0,0.0,0.5666666666666667,0.4333333333333333,3.5637059362410923,-10.317000000000007,,,4.383048152953731
2022,9,VET,Aston Martin,16.0,94.512,False,,0.0,1.0,18.12333333333333,1.0,,0.0,12.0,0.0,0.0,1.0,4.159326868617084,-1.019999999999996,,,3.622460796505909
2022,9,ALB,Williams,12.0,86.858,False,,0.0,1.0,18.12333333333333,3.0,,0.0,13.0,0.0,0.4761904761904761,0.5238095238095238,4.159326868617085,-8.801999999999992,,,2.951459149490488
2022,9,GAS,AlphaTauri,15.0,94.492,False,,0.0,1.0,18.12333333333333,1.0,,0.0,14.0,0.0,0.0,1.0,4.658325879540847,-2.0829999999999984,,,3.9665266081716055
2022,9,NOR,McLaren,14.0,94.066,False,,0.0,1.0,18.12333333333333,3.0,,0.0,15.0,0.0,0.2,0.8,6.041522986797286,10.317000000000007,,,5.087020520675908
2022,9,LAT,Williams,18.0,95.66,False,,0.0,1.0,18.12333333333333,2.0,,0.0,16.0,0.0,0.0,1.0,0.8366600265340759,8.801999999999992,,,2.7568097504180447
2022,9,MAG,Haas F1 Team,5.0,82.96,False,,0.0,1.0,18.12333333333333,4.0,,0.0,17.0,0.0,0.6129032258064516,0.3870967741935484,4.08656334834051,-0.3960000000000008,,,3.0840089349920996
2022,9,TSU,AlphaTauri,20.0,96.575,False,,0.0,1.0,18.12333333333333,0.0,,0.0,18.0,0.0,0.0,1.0,3.7013511046643495,2.0829999999999984,,,4.027681991198191
2022,9,MSC,Haas F1 Team,6.0,83.356,False,,0.0,1.0,18.12333333333333,4.0,,0.0,19.0,0.0,0.6451612903225806,0.3548387096774194,2.1679483388678804,0.3960000000000008,,,1.9550504398153552
2022,9,PER,Red Bull Racing,13.0,93.127,False,,0.0,1.0,18.12333333333333,3.0,,0.0,20.0,0.0,0.2142857142857142,0.7857142857142857,1.095445115010332,11.827999999999989,,,1.0327955589886444
2022,10,SAI,Ferrari,1.0,100.19,False,,0.0,1.0,20.853164556962028,4.0,,,1.0,25.0,1.0,,7.75886589650833,0.3439999999999941,,,7.902882737049536
2022,10,PER,Red Bull Racing,4.0,100.521,False,,0.0,1.0,20.853164556962028,3.0,,,2.0,18.0,1.0,,8.01249024960405,1.391999999999996,,,5.853773711604051
2022,10,HAM,Mercedes,5.0,100.428,False,,0.0,1.0,20.853164556962028,3.0,,,3.0,16.0,1.0,,1.9235384061671343,0.3999999999999915,,,1.577621275493231
2022,10,LEC,Ferrari,3.0,99.846,False,,0.0,1.0,20.853164556962028,4.0,,,4.0,12.0,1.0,,8.74642784226795,-0.3439999999999941,,,8.047774019358812
2022,10,ALO,Alpine,7.0,101.598,False,,0.0,1.0,20.853164556962028,2.0,,,5.0,10.0,1.0,,1.67332005306815,-0.132000000000005,,,1.955050439815357
2022,10,NOR,McLaren,6.0,101.515,False,,0.0,1.0,20.853164556962028,3.0,,,6.0,8.0,1.0,,5.412947441089743,-0.4180000000000063,,,3.864367132317184
2022,10,VER,Red Bull Racing,2.0,99.129,False,,0.0,1.0,20.853164556962028,3.0,,,7.0,6.0,1.0,,0.8944271909999199,-1.391999999999996,,,5.87272414547873
2022,10,MSC,Haas F1 Team,19.0,102.708,False,,0.0,1.0,20.853164556962028,1.0,,,8.0,4.0,1.0,,2.5884358211089578,0.5489999999999924,,,3.0110906108363222
2022,10,VET,Aston Martin,18.0,102.666,False,,0.0,1.0,20.853164556962028,1.0,,,9.0,2.0,1.0,,3.96232255123179,-0.76400000000001,,,3.32665998663324
2022,10,MAG,Haas F1 Team,17.0,102.159,False,,0.0,1.0,20.853164556962028,1.0,,,10.0,1.0,1.0,,1.516575088810311,-0.5489999999999924,,,2.097617696340301
2022,10,STR,Aston Martin,20.0,103.43,False,,0.0,1.0,20.853164556962028,1.0,,,11.0,0.0,1.0,,2.8284271247461903,0.76400000000001,,,3.3813212407775355
2022,10,LAT,Williams,10.0,101.998,False,,0.0,1.0,20.853164556962028,2.0,,,12.0,0.0,1.0,,0.8366600265340759,-0.0799999999999983,,,2.4517567397911053
2022,10,RIC,McLaren,14.0,101.933,False,,0.0,1.0,20.853164556962028,1.0,,,13.0,0.0,1.0,,2.0736441353327724,0.4180000000000063,,,3.142893217686179
2022,10,TSU,AlphaTauri,13.0,101.893,False,,0.0,1.0,20.853164556962028,1.0,,,14.0,0.0,1.0,,3.3911649915626336,0.2129999999999938,,,3.784471194529327
2022,10,OCO,Alpine,15.0,101.73,False,,0.0,1.0,20.853164556962028,0.0,,,15.0,0.0,1.0,,2.408318915758459,0.132000000000005,,,2.0548046676563247
2022,10,GAS,AlphaTauri,11.0,101.68,False,,0.0,1.0,20.853164556962028,1.0,,,16.0,0.0,1.0,,4.764451699828639,-0.2129999999999938,,,4.012480529547777
2022,10,BOT,Alfa Romeo,12.0,101.396,False,,0.0,1.0,20.853164556962028,2.0,,,17.0,0.0,1.0,,2.0,0.605000000000004,,,5.546770832355224
2022,10,RUS,Mercedes,8.0,100.028,False,,0.0,1.0,20.853164556962028,3.0,,,18.0,0.0,1.0,,1.0,-0.3999999999999915,,,1.5670212364724214
2022,10,ZHO,Alfa Romeo,9.0,100.791,False,,0.0,1.0,20.853164556962028,3.0,,,19.0,0.0,1.0,,4.816637831516919,-0.605000000000004,,,5.425249610233
2022,10,ALB,Williams,16.0,102.078,False,,0.0,1.0,20.853164556962028,1.0,,,20.0,0.0,1.0,,3.937003937005906,0.0799999999999983,,,2.7568097504180447
2022,11,LEC,Ferrari,2.0,65.013,True,2.0,7.0,0.0,35.94949494949495,1.0,,1.0,1.0,25.0,,,8.324662155306964,-0.0529999999999972,,,8.075339690137568
2022,11,VER,Red Bull Racing,1.0,64.984,True,1.0,8.0,0.0,35.94949494949495,0.0,,1.0,2.0,19.0,,,2.607680962081061,-0.4200000000000017,,,7.699927849589818
2022,11,HAM,Mercedes,8.0,65.475,True,8.0,1.0,0.0,35.94949494949495,1.0,,1.0,3.0,15.0,,,2.073644135332772,0.0439999999999969,,,4.623610902506587
2022,11,RUS,Mercedes,4.0,65.431,True,4.0,5.0,0.0,35.94949494949495,3.0,,1.0,4.0,12.0,,,6.4265076052238514,-0.0439999999999969,,,4.695151163109069
2022,11,OCO,Alpine,6.0,65.726,True,6.0,3.0,0.0,35.94949494949495,1.0,,1.0,5.0,10.0,,,3.674234614174767,-0.2900000000000062,,,3.0477678535099892
2022,11,MSC,Haas F1 Team,9.0,66.011,True,9.0,0.0,0.0,35.94949494949495,1.0,,1.0,6.0,8.0,,,4.549725266430931,0.1319999999999908,,,4.575295983139596
2022,11,NOR,McLaren,10.0,66.33,True,11.0,0.0,0.0,35.94949494949495,0.0,,1.0,7.0,6.0,,,3.7013511046643495,-0.2830000000000012,,,3.142893217686179
2022,11,MAG,Haas F1 Team,7.0,65.879,True,7.0,2.0,0.0,35.94949494949495,1.0,,1.0,8.0,4.0,,,3.7013511046643495,-0.1319999999999908,,,3.979112128771106
2022,11,RIC,McLaren,11.0,66.613,True,12.0,0.0,0.0,35.94949494949495,0.0,,1.0,9.0,2.0,,,2.0736441353327724,0.2830000000000012,,,3.2317865716108867
2022,11,ALO,Alpine,19.0,66.016,True,20.0,0.0,0.0,35.94949494949495,1.0,,1.0,10.0,1.0,,,1.67332005306815,0.2900000000000062,,,3.0203016773531446
2022,11,BOT,Alfa Romeo,0.0,66.319,True,10.0,0.0,0.0,35.94949494949495,0.0,,1.0,11.0,0.0,,,4.358898943540674,-0.5819999999999936,,,5.2915026221291805
2022,11,ALB,Williams,15.0,66.23,True,16.0,0.0,0.0,35.94949494949495,0.0,,1.0,12.0,0.0,,,3.4928498393145966,-0.7729999999999961,,,2.6770630673681683
2022,11,STR,Aston Martin,12.0,66.847,True,13.0,0.0,0.0,35.94949494949495,0.0,,1.0,13.0,0.0,,,2.588435821108957,-0.2360000000000042,,,2.9888682361946532
2022,11,ZHO,Alfa Romeo,13.0,66.901,True,14.0,0.0,0.0,35.94949494949495,0.0,,1.0,14.0,0.0,,,4.636809247747852,0.5819999999999936,,,4.7667832153583625
2022,11,GAS,AlphaTauri,14.0,66.16,True,15.0,0.0,0.0,35.94949494949495,0.0,,1.0,15.0,0.0,,,4.207136793592526,-0.3029999999999972,,,3.784471194529327
2022,11,TSU,AlphaTauri,16.0,66.463,True,17.0,0.0,0.0,35.94949494949495,0.0,,1.0,16.0,0.0,,,3.209361307176242,0.3029999999999972,,,3.8311588035185626
2022,11,VET,Aston Martin,18.0,67.083,True,19.0,0.0,0.0,35.94949494949495,0.0,,1.0,17.0,0.0,,,2.302172886644267,0.2360000000000042,,,2.780887148615229
2022,11,SAI,Ferrari,3.0,65.066,True,3.0,6.0,0.0,35.94949494949495,1.0,,1.0,18.0,0.0,,,8.012490249604053,0.0529999999999972,,,7.146094504459529
2022,11,LAT,Williams,17.0,67.003,True,18.0,0.0,0.0,35.94949494949495,0.0,,1.0,19.0,0.0,,,1.643167672515499,0.7729999999999961,,,2.726414006223804
2022,11,PER,Red Bull Racing,5.0,65.404,True,5.0,4.0,0.0,35.94949494949495,0.0,,1.0,20.0,0.0,,,8.173126696681019,0.4200000000000017,,,5.9066817155564495
2022,12,VER,Red Bull Racing,2.0,91.176,False,,0.0,0.0,54.812987012987016,0.0,,1.0,1.0,25.0,,,2.489979919597748,-0.1589999999999918,,,7.480344614759105
2022,12,HAM,Mercedes,4.0,91.765,False,,0.0,0.0,54.812987012987016,0.0,,1.0,2.0,18.0,,,2.16794833886788,-0.3659999999999996,,,4.648775226993784
2022,12,RUS,Mercedes,6.0,92.131,False,,0.0,0.0,54.812987012987016,0.0,,1.0,3.0,15.0,,,6.300793600809347,0.3659999999999996,,,4.677368680976279
2022,12,PER,Red Bull Racing,3.0,91.335,False,,0.0,0.0,54.812987012987016,0.0,,1.0,4.0,12.0,,,10.04987562112089,0.1589999999999918,,,7.63689873065122
2022,12,SAI,Ferrari,19.0,91.081,False,,0.0,0.0,54.812987012987016,0.0,,1.0,5.0,11.0,,,9.528903399657278,0.2090000000000031,,,8.621033709609437
2022,12,ALO,Alpine,7.0,92.552,False,,0.0,0.0,54.812987012987016,0.0,,1.0,6.0,8.0,,,1.949358868961792,-0.4959999999999951,,,3.2386554137309647
2022,12,NOR,McLaren,5.0,92.032,False,,0.0,0.0,54.812987012987016,0.0,,1.0,7.0,6.0,,,3.781534080237808,-0.8900000000000006,,,3.16403399335581
2022,12,OCO,Alpine,10.0,93.048,False,,0.0,0.0,54.812987012987016,0.0,,1.0,8.0,4.0,,,4.159326868617084,0.4959999999999951,,,3.308238873546534
2022,12,RIC,McLaren,9.0,92.922,False,,0.0,0.0,54.812987012987016,0.0,,1.0,9.0,2.0,,,2.2803508501982765,0.8900000000000006,,,3.0477678535099897
2022,12,STR,Aston Martin,15.0,93.439,False,,0.0,0.0,54.812987012987016,0.0,,1.0,10.0,1.0,,,2.3874672772626644,0.1629999999999967,,,3.3266599866332403
2022,12,VET,Aston Martin,12.0,93.276,False,,0.0,0.0,54.812987012987016,0.0,,1.0,11.0,0.0,,,4.086563348340509,-0.1629999999999967,,,3.272783388968955
2022,12,GAS,AlphaTauri,14.0,93.439,False,,0.0,0.0,54.812987012987016,0.0,,1.0,12.0,0.0,,,4.43846820423443,0.6589999999999918,,,3.725288952252937
2022,12,ALB,Williams,13.0,93.307,False,,0.0,0.0,54.812987012987016,0.0,,1.0,13.0,0.0,,,3.7416573867739418,-0.4869999999999947,,,3.0110906108363236
2022,12,BOT,Alfa Romeo,11.0,93.034,False,,0.0,0.0,54.812987012987016,0.0,,1.0,14.0,0.0,,,3.741657386773941,-0.6400000000000006,,,4.371625682867999
2022,12,MSC,Haas F1 Team,17.0,93.701,False,,0.0,0.0,54.812987012987016,0.0,,1.0,15.0,0.0,,,6.058052492344384,1.0519999999999925,,,5.1033757890679015
2022,12,ZHO,Alfa Romeo,16.0,93.674,False,,0.0,0.0,54.812987012987016,0.0,,1.0,16.0,0.0,,,4.358898943540674,0.6400000000000006,,,4.143267631552017
2022,12,LAT,Williams,18.0,93.794,False,,0.0,0.0,54.812987012987016,0.0,,1.0,17.0,0.0,,,2.509980079602227,0.4869999999999947,,,2.9078437983419176
2022,12,MAG,Haas F1 Team,20.0,92.649,False,,0.0,0.0,54.812987012987016,0.0,,1.0,18.0,0.0,,,5.128352561983234,-1.0519999999999925,,,5.329165037789689
2022,12,LEC,Ferrari,1.0,90.872,False,,0.0,0.0,54.812987012987016,0.0,,1.0,19.0,0.0,,,7.092249290598858,-0.2090000000000031,,,7.988881162104129
2022,12,TSU,AlphaTauri,8.0,92.78,False,,0.0,0.0,54.812987012987016,0.0,,1.0,20.0,0.0,,,2.0736441353327715,-0.6589999999999918,,,3.6514837167011085
2022,13,VER,Red Bull Racing,10.0,77.703,False,,0.0,0.0,29.80512820512821,0.0,,1.0,1.0,25.0,,,2.607680962081061,-0.8130000000000024,,,7.484057129065164
2022,13,HAM,Mercedes,7.0,78.035,False,,0.0,0.0,29.80512820512821,0.0,,1.0,2.0,19.0,,,0.7071067811865476,0.6580000000000013,,,4.715223571935199
2022,13,RUS,Mercedes,1.0,77.377,False,,0.0,0.0,29.80512820512821,0.0,,1.0,3.0,15.0,,,6.50384501660364,-0.6580000000000013,,,4.790035954399971
2022,13,SAI,Ferrari,2.0,77.421,False,,0.0,0.0,29.80512820512821,0.0,,1.0,4.0,12.0,,,9.093954035511723,-0.1459999999999865,,,7.723700897597962
2022,13,PER,Red Bull Racing,11.0,78.516,False,,0.0,0.0,29.80512820512821,0.0,,1.0,5.0,10.0,,,9.528903399657276,0.8130000000000024,,,7.601169500660919
2022,13,LEC,Ferrari,3.0,77.567,False,,0.0,0.0,29.80512820512821,0.0,,1.0,6.0,8.0,,,8.706319543871567,0.1459999999999865,,,8.395766128763288
2022,13,NOR,McLaren,4.0,77.769,False,,0.0,0.0,29.80512820512821,0.0,,1.0,7.0,6.0,,,3.6331804249169903,-0.4289999999999878,,,2.836272984824353
2022,13,ALO,Alpine,6.0,77.904,False,,0.0,0.0,29.80512820512821,0.0,,1.0,8.0,4.0,,,2.0736441353327715,-0.1140000000000043,,,3.0713731999438507
2022,13,OCO,Alpine,5.0,78.018,False,,0.0,0.0,29.80512820512821,0.0,,1.0,9.0,2.0,,,3.962322551231789,0.1140000000000043,,,3.047767853509989
2022,13,VET,Aston Martin,18.0,79.273,False,,0.0,0.0,29.80512820512821,0.0,,1.0,10.0,1.0,,,4.06201920231798,0.1359999999999956,,,2.828427124746191
2022,13,STR,Aston Martin,14.0,79.137,False,,0.0,0.0,29.80512820512821,0.0,,1.0,11.0,0.0,,,2.549509756796392,-0.1359999999999956,,,3.240370349203931
2022,13,GAS,AlphaTauri,0.0,79.527,False,,0.0,0.0,29.80512820512821,0.0,,1.0,12.0,0.0,,,4.39317652729776,0.2870000000000061,,,4.029061098237819
2022,13,ZHO,Alfa Romeo,12.0,78.573,False,,0.0,0.0,29.80512820512821,0.0,,1.0,13.0,0.0,,,4.358898943540674,0.4159999999999968,,,4.5018514709691
2022,13,MSC,Haas F1 Team,15.0,79.164,False,,0.0,0.0,29.80512820512821,0.0,,1.0,14.0,0.0,,,5.319774431308154,0.3389999999999986,,,4.701063709417261
2022,13,RIC,McLaren,9.0,78.198,False,,0.0,0.0,29.80512820512821,0.0,,1.0,15.0,0.0,,,2.0000000000000004,0.4289999999999878,,,2.936362072739365
2022,13,MAG,Haas F1 Team,13.0,78.825,False,,0.0,0.0,29.80512820512821,0.0,,1.0,16.0,0.0,,,4.636809247747852,-0.3389999999999986,,,4.7795862210493105
2022,13,ALB,Williams,17.0,79.256,False,,0.0,0.0,29.80512820512821,0.0,,1.0,17.0,0.0,,,3.3911649915626345,-0.3139999999999929,,,2.9981475762358474
2022,13,LAT,Williams,19.0,79.57,False,,0.0,0.0,29.80512820512821,0.0,,1.0,18.0,0.0,,,2.5884358211089573,0.3139999999999929,,,2.875181153713043
2022,13,TSU,AlphaTauri,16.0,79.24,False,,0.0,0.0,29.80512820512821,0.0,,1.0,19.0,0.0,,,2.8635642126552705,-0.2870000000000061,,,2.5819888974716134
2022,13,BOT,Alfa Romeo,8.0,78.157,False,,0.0,0.0,29.80512820512821,0.0,,1.0,20.0,0.0,,,3.741657386773941,-0.4159999999999968,,,4.143267631552017
2022,14,VER,Red Bull Racing,14.0,103.665,False,,0.0,0.0,20.7,0.0,0.0,1.0,1.0,26.0,,,2.607680962081061,-0.796999999999997,,,5.7975090436420285
2022,14,PER,Red Bull Racing,2.0,104.462,False,,0.0,0.0,20.7,0.0,0.0,1.0,2.0,18.0,,,9.011104260855047,0.796999999999997,,,7.484057129065164
2022,14,SAI,Ferrari,1.0,104.297,False,,0.0,0.0,20.7,0.0,0.0,1.0,3.0,15.0,,,6.892024376045112,-0.2540000000000049,,,6.535373831014652
2022,14,RUS,Mercedes,5.0,105.461,False,,0.0,0.0,20.7,0.0,0.0,1.0,4.0,12.0,,,6.50384501660364,0.0409999999999968,,,6.795423296438403
2022,14,ALO,Alpine,3.0,105.368,False,,0.0,0.0,20.7,0.0,0.0,1.0,5.0,10.0,,,2.0736441353327715,0.1879999999999881,,,2.998147576235847
2022,14,LEC,Ferrari,15.0,104.551,False,,0.0,0.0,20.7,0.0,0.0,1.0,6.0,8.0,,,6.96419413859206,0.2540000000000049,,,6.553201083779167
2022,14,OCO,Alpine,16.0,105.18,False,,0.0,0.0,20.7,0.0,0.0,1.0,7.0,6.0,,,3.911521443121589,-0.1879999999999881,,,3.128720008068616
2022,14,VET,Aston Martin,10.0,106.344,False,,0.0,0.0,20.7,0.0,0.0,1.0,8.0,4.0,,,3.114482300479487,0.0879999999999938,,,2.2236106773543898
2022,14,GAS,AlphaTauri,0.0,105.827,False,,0.0,0.0,20.7,0.0,0.0,1.0,9.0,2.0,,,1.7888543819998328,-0.8649999999999949,,,2.756809750418047
2022,14,ALB,Williams,6.0,105.672,False,,0.0,0.0,20.7,0.0,0.0,1.0,10.0,1.0,,,3.3911649915626345,-0.7289999999999992,,,2.9832867780352594
2022,14,STR,Aston Martin,9.0,106.256,False,,0.0,0.0,20.7,0.0,0.0,1.0,11.0,0.0,,,1.224744871391589,-0.0879999999999938,,,2.270584848790188
2022,14,NOR,McLaren,17.0,105.603,False,,0.0,0.0,20.7,0.0,0.0,1.0,12.0,0.0,,,3.7148351242013424,-0.1640000000000014,,,3.4140233677518315
2022,14,TSU,AlphaTauri,0.0,106.692,False,,0.0,0.0,20.7,0.0,0.0,1.0,13.0,0.0,,,2.4083189157584592,0.8649999999999949,,,3.4464152068167566
2022,14,ZHO,Alfa Romeo,18.0,106.085,False,,0.0,0.0,20.7,0.0,0.0,1.0,14.0,0.0,,,4.06201920231798,-1.781000000000006,,,3.842742076521223
2022,14,RIC,McLaren,7.0,105.767,False,,0.0,0.0,20.7,0.0,0.0,1.0,15.0,0.0,,,2.60768096208106,0.1640000000000014,,,3.0258148581093915
2022,14,MAG,Haas F1 Team,12.0,106.557,False,,0.0,0.0,20.7,0.0,0.0,1.0,16.0,0.0,,,4.494441010848846,0.2150000000000034,,,4.701063709417261
2022,14,MSC,Haas F1 Team,19.0,106.342,False,,0.0,0.0,20.7,0.0,0.0,1.0,17.0,0.0,,,5.319774431308154,-0.2150000000000034,,,4.618802153517004
2022,14,LAT,Williams,11.0,106.401,False,,0.0,0.0,20.7,0.0,0.1428571428571428,0.8571428571428571,18.0,0.0,,,2.70185121722126,0.7289999999999992,,,3.4058772731852804
2022,14,BOT,Alfa Romeo,13.0,107.866,False,,0.0,0.0,20.7,0.0,0.0,1.0,19.0,0.0,,,5.06951674225463,1.781000000000006,,,4.332051092342593
2022,14,HAM,Mercedes,4.0,105.42,False,,0.0,0.0,20.7,0.0,0.0,1.0,20.0,0.0,,,0.5477225575051662,-0.0409999999999968,,,4.790035954399971
2022,15,VER,Red Bull Racing,1.0,70.342,False,,0.0,0.0,39.05952380952381,2.0,,1.0,1.0,26.0,,,2.607680962081061,-0.7349999999999994,,,5.731007280089988
2022,15,RUS,Mercedes,6.0,70.824,False,,0.0,0.0,39.05952380952381,2.0,,1.0,2.0,18.0,,,6.50384501660364,0.1760000000000019,,,6.750308634919345
2022,15,LEC,Ferrari,2.0,70.363,False,,0.0,0.0,39.05952380952381,2.0,,1.0,3.0,15.0,,,6.906518659932803,-0.0709999999999979,,,6.464432603785803
2022,15,HAM,Mercedes,4.0,70.648,False,,0.0,0.0,39.05952380952381,2.0,,1.0,4.0,12.0,,,7.842193570679061,-0.1760000000000019,,,6.795423296438403
2022,15,PER,Red Bull Racing,5.0,71.077,False,,0.0,0.0,39.05952380952381,2.0,,1.0,5.0,10.0,,,7.602631123499284,0.7349999999999994,,,5.7975090436420285
2022,15,ALO,Alpine,13.0,71.613,False,,0.0,0.0,39.05952380952381,0.0,,1.0,6.0,8.0,,,2.167948338867879,0.0079999999999955,,,3.0840089349920996
2022,15,NOR,McLaren,7.0,71.116,False,,0.0,0.0,39.05952380952381,1.0,,1.0,7.0,6.0,,,2.3874672772626653,-0.9650000000000034,,,3.4641016151377553
2022,15,SAI,Ferrari,3.0,70.434,False,,0.0,0.0,39.05952380952381,2.0,,1.0,8.0,4.0,,,6.760177512462229,0.0709999999999979,,,6.51835016617617
2022,15,OCO,Alpine,12.0,71.605,False,,0.0,0.0,39.05952380952381,0.0,,1.0,9.0,2.0,,,3.768288736283354,-0.0079999999999955,,,2.9981475762358465
2022,15,STR,Aston Martin,10.0,71.416,False,,0.0,0.0,39.05952380952381,0.0,,1.0,10.0,1.0,,,1.095445115010332,-0.9750000000000084,,,2.4698178070456946
2022,15,GAS,AlphaTauri,11.0,71.512,False,,0.0,0.0,39.05952380952381,0.0,,1.0,11.0,0.0,,,2.7748873851023226,0.0849999999999937,,,3.3399933466334275
2022,15,ALB,Williams,15.0,71.695,False,,0.0,0.0,39.05952380952381,1.0,,1.0,12.0,0.0,,,4.037325847637271,-1.6580000000000013,,,3.5023801430836525
2022,15,MSC,Haas F1 Team,8.0,71.42,False,,0.0,0.0,39.05952380952381,1.0,,1.0,13.0,0.0,,,4.743416490252569,-0.8990000000000009,,,4.295992965026309
2022,15,VET,Aston Martin,19.0,72.391,False,,0.0,0.0,39.05952380952381,0.0,,1.0,14.0,0.0,,,3.5355339059327373,0.9750000000000084,,,2.4944382578492954
2022,15,MAG,Haas F1 Team,18.0,72.319,False,,0.0,0.0,39.05952380952381,0.0,,1.0,15.0,0.0,,,4.33589667773576,0.8990000000000009,,,4.366539438350082
2022,15,ZHO,Alfa Romeo,14.0,71.704,False,,0.0,0.0,39.05952380952381,0.0,,1.0,16.0,0.0,,,2.3874672772626644,-0.257000000000005,,,3.1428932176861726
2022,15,RIC,McLaren,17.0,72.081,False,,0.0,0.0,39.05952380952381,0.0,,1.0,17.0,0.0,,,3.033150177620621,0.9650000000000034,,,3.348299734359383
2022,15,LAT,Williams,20.0,73.353,False,,0.0,0.0,39.05952380952381,0.0,,1.0,18.0,0.0,,,2.7748873851023217,1.6580000000000013,,,3.2930904093942583
2022,15,BOT,Alfa Romeo,16.0,71.961,False,,0.0,0.0,39.05952380952381,0.0,,1.0,19.0,0.0,,,3.7013511046643495,0.257000000000005,,,2.983286778035254
2022,15,TSU,AlphaTauri,9.0,71.427,False,,0.0,0.0,39.05952380952381,2.0,,1.0,20.0,0.0,,,3.049590136395381,-0.0849999999999937,,,3.478505426185218
2022,16,VER,Red Bull Racing,7.0,80.306,False,,0.0,0.0,40.264102564102565,0.0,,1.0,1.0,25.0,,,0.4472135954999668,-0.9000000000000057,,,1.9888578520235034
2022,16,LEC,Ferrari,1.0,80.161,False,,0.0,0.0,40.264102564102565,0.0,,1.0,2.0,18.0,,,7.035623639735144,-0.2680000000000007,,,6.219146064997814
2022,16,RUS,Mercedes,2.0,81.542,False,,0.0,0.0,40.264102564102565,0.0,,1.0,3.0,15.0,,,0.8366600265340799,0.0180000000000006,,,5.404730438339281
2022,16,SAI,Ferrari,18.0,80.429,False,,0.0,0.0,40.264102564102565,0.0,,1.0,4.0,12.0,,,6.107372593840989,0.2680000000000007,,,6.113736809658867
2022,16,HAM,Mercedes,19.0,81.524,False,,0.0,0.0,40.264102564102565,0.0,,1.0,5.0,10.0,,,7.758865896508329,-0.0180000000000006,,,5.437523946307425
2022,16,PER,Red Bull Racing,13.0,81.206,False,,0.0,0.0,40.264102564102565,0.0,,1.0,6.0,9.0,,,7.259476565152614,0.9000000000000057,,,5.788878225624641
2022,16,NOR,McLaren,3.0,81.584,False,,0.0,0.0,40.264102564102565,0.0,,1.0,7.0,6.0,,,2.2360679774997907,-0.2710000000000008,,,3.9228674319799404
2022,16,GAS,AlphaTauri,5.0,82.01,False,,0.0,0.0,40.264102564102565,0.0,,1.0,8.0,4.0,,,2.1679483388678813,-0.0099999999999909,,,3.945461527713415
2022,16,DEV,Williams,8.0,82.471,False,,0.0,0.0,40.264102564102565,0.0,,1.0,9.0,2.0,,,,-0.1159999999999996,,,3.272783388968954
2022,16,ZHO,Alfa Romeo,9.0,82.003,False,,0.0,0.0,40.264102564102565,0.0,,1.0,10.0,1.0,,,1.3416407864998732,-0.2319999999999993,,,2.658320271650245
2022,16,OCO,Alpine,14.0,82.13,False,,0.0,0.0,40.264102564102565,0.0,,1.0,11.0,0.0,,,1.673320053068151,0.2689999999999912,,,4.077035960378841
2022,16,MSC,Haas F1 Team,17.0,83.005,False,,0.0,0.0,40.264102564102565,0.0,,1.0,12.0,0.0,,,4.183300132670378,0.0969999999999942,,,3.339993346633424
2022,16,BOT,Alfa Romeo,15.0,82.235,False,,0.0,0.0,40.264102564102565,0.0,,1.0,13.0,0.0,,,3.911521443121589,0.2319999999999993,,,2.951459149490482
2022,16,TSU,AlphaTauri,20.0,82.02,False,,0.0,0.0,40.264102564102565,0.0,,1.0,14.0,0.0,,,3.049590136395381,0.0099999999999909,,,4.4721359549995805
2022,16,LAT,Williams,10.0,82.587,False,,0.0,0.0,40.264102564102565,0.0,,1.0,15.0,0.0,,,0.7071067811865476,0.1159999999999996,,,3.725288952252936
2022,16,MAG,Haas F1 Team,16.0,82.908,False,,0.0,0.0,40.264102564102565,0.0,,1.0,16.0,0.0,,,3.847076812334269,-0.0969999999999942,,,3.881580434135901
2022,16,RIC,McLaren,4.0,81.855,False,,0.0,0.0,40.264102564102565,0.0,,1.0,17.0,0.0,,,3.7416573867739418,0.2710000000000008,,,3.9228674319799404
2022,16,STR,Aston Martin,12.0,82.748,False,,0.0,0.0,40.264102564102565,0.0,,1.0,18.0,0.0,,,1.224744871391589,0.1120000000000089,,,2.549509756796393
2022,16,ALO,Alpine,6.0,81.861,False,,0.0,0.0,40.264102564102565,0.0,,1.0,19.0,0.0,,,1.9999999999999991,-0.2689999999999912,,,1.7669811040931398
2022,16,VET,Aston Martin,11.0,82.636,False,,0.0,0.0,40.264102564102565,0.0,,1.0,20.0,0.0,,,3.5355339059327373,-0.1120000000000089,,,3.265986323710904
2022,17,PER,Red Bull Racing,2.0,109.434,False,,0.0,0.0,27.78375,5.0,,0.4,1.0,25.0,0.6,,1.5165750888103051,-1.9609999999999983,,,2.057506581601459
2022,17,LEC,Ferrari,1.0,109.412,False,,0.0,0.0,27.78375,6.0,,0.3,2.0,18.0,0.7,,6.833739825307955,-0.1709999999999922,,,4.8989794855663575
2022,17,SAI,Ferrari,4.0,109.583,False,,0.0,0.0,27.78375,5.0,,0.3181818181818182,3.0,15.0,0.6818181818181818,,1.9235384061671383,0.1709999999999922,,,1.9465068427541945
2022,17,NOR,McLaren,6.0,110.584,False,,0.0,0.0,27.78375,5.0,,0.2916666666666667,4.0,12.0,0.7083333333333334,,2.2360679774997907,-5.641999999999996,,,4.372896319628699
2022,17,RIC,McLaren,16.0,116.226,False,,0.0,0.0,27.78375,4.0,,0.0,5.0,10.0,1.0,,3.2863353450309973,5.641999999999996,,,4.784233364802442
2022,17,STR,Aston Martin,11.0,114.211,False,,0.0,0.0,27.78375,4.0,,0.2666666666666666,6.0,8.0,0.7333333333333333,,3.391164991562634,-0.1689999999999969,,,3.8600518131237562
2022,17,VER,Red Bull Racing,8.0,111.395,False,,0.0,0.0,27.78375,6.0,,0.35,7.0,6.0,0.65,,0.0,1.9609999999999983,,,2.065591117977286
2022,17,VET,Aston Martin,13.0,114.38,False,,0.0,0.0,27.78375,5.0,,0.2,8.0,4.0,0.8,,4.6690470119715,0.1689999999999969,,,4.306326095924976
2022,17,HAM,Mercedes,3.0,109.466,False,,0.0,0.0,27.78375,6.0,,0.3043478260869565,9.0,2.0,0.6956521739130435,,7.602631123499285,-4.546000000000007,,,5.432413009990231
2022,17,GAS,AlphaTauri,7.0,111.211,False,,0.0,0.0,27.78375,5.0,,0.2916666666666667,10.0,1.0,0.7083333333333334,,1.8165902124584967,-0.7720000000000056,,,4.417138339593986
2022,17,BOT,Alfa Romeo,15.0,116.083,False,,0.0,0.0,27.78375,3.0,,0.0,11.0,0.0,1.0,,3.2403703492039297,0.7079999999999984,,,3.20416395751944
2022,17,MAG,Haas F1 Team,9.0,111.573,False,,0.0,0.0,27.78375,5.0,,0.217391304347826,12.0,0.0,0.782608695652174,,1.095445115010333,-2.797000000000012,,,1.8135294011647212
2022,17,MSC,Haas F1 Team,12.0,114.37,False,,0.0,0.0,27.78375,4.0,,0.0,13.0,0.0,1.0,,1.9235384061671343,2.797000000000012,,,1.7763883459298917
2022,17,RUS,Mercedes,0.0,114.012,False,,0.0,0.0,27.78375,4.0,,0.0,14.0,0.0,1.0,,0.7071067811865527,4.546000000000007,,,5.482294734466177
2022,17,TSU,AlphaTauri,10.0,111.983,False,,0.0,0.0,27.78375,5.0,,0.1739130434782608,15.0,0.0,0.8260869565217391,,3.420526275297413,0.7720000000000056,,,4.550946177566937
2022,17,OCO,Alpine,17.0,116.337,False,,0.0,0.0,27.78375,4.0,,0.0,16.0,0.0,1.0,,1.483239697419132,6.371000000000009,,,4.784233364802443
2022,17,ALB,Williams,18.0,116.985,False,,0.0,0.0,27.78375,4.0,,0.0,17.0,0.0,1.0,,2.5884358211089578,-0.546999999999997,,,3.465704994818675
2022,17,ALO,Alpine,5.0,109.966,False,,0.0,0.0,27.78375,5.0,,0.3043478260869565,18.0,0.0,0.6956521739130435,,5.805170109479996,-6.371000000000009,,,3.9944405810520647
2022,17,LAT,Williams,19.0,117.532,False,,0.0,0.0,27.78375,4.0,,0.0,19.0,0.0,1.0,,1.3038404810405295,0.546999999999997,,,3.4785054261852175
2022,17,ZHO,Alfa Romeo,14.0,115.375,False,,0.0,0.0,27.78375,3.0,,0.1428571428571428,20.0,0.0,0.8571428571428571,,2.4899799195977463,-0.7079999999999984,,,3.478505426185214
2022,18,VER,Red Bull Racing,1.0,89.304,False,,0.0,0.0,26.4974025974026,0.0,0.0,1.0,1.0,25.0,,,2.683281572999749,-0.4050000000000011,,,2.3593784492248493
2022,18,PER,Red Bull Racing,4.0,89.709,False,,0.0,0.0,26.4974025974026,0.0,0.0,1.0,2.0,18.0,,,2.1679483388678764,0.4050000000000011,,,2.4494897427831757
2022,18,LEC,Ferrari,2.0,89.314,False,,0.0,0.0,26.4974025974026,0.0,0.0,1.0,3.0,15.0,,,2.04939015319192,-0.0470000000000112,,,1.969207398365594
2022,18,OCO,Alpine,5.0,90.165,False,,0.0,0.0,26.4974025974026,0.0,0.0,1.0,4.0,12.0,,,3.435112807463533,-0.1569999999999964,,,5.143496432929217
2022,18,HAM,Mercedes,6.0,90.261,False,,0.0,0.0,26.4974025974026,0.0,0.15,0.85,5.0,10.0,,,7.176350047203662,-0.1280000000000001,,,6.003702561290362
2022,18,VET,Aston Martin,9.0,90.554,False,,0.0,0.0,26.4974025974026,0.0,0.0,1.0,6.0,8.0,,,5.0990195135927845,-0.8649999999999949,,,4.473378042498879
2022,18,ALO,Alpine,7.0,90.322,False,,0.0,0.0,26.4974025974026,0.0,0.0,1.0,7.0,6.0,,,6.760177512462227,0.1569999999999964,,,5.072803301265816
2022,18,RUS,Mercedes,8.0,90.389,False,,0.0,0.0,26.4974025974026,0.0,0.1578947368421052,0.8421052631578947,8.0,4.0,,,4.969909455915672,0.1280000000000001,,,5.820461990063829
2022,18,LAT,Williams,20.0,91.511,False,,0.0,0.0,26.4974025974026,0.0,0.0,1.0,9.0,2.0,,,1.5165750888103098,0.1999999999999886,,,3.921450978627398
2022,18,NOR,McLaren,10.0,90.473,False,,0.0,0.0,26.4974025974026,0.0,0.0,1.0,10.0,1.0,,,2.8809720581775875,-0.186000000000007,,,5.125101625008686
2022,18,RIC,McLaren,11.0,90.659,False,,0.0,0.0,26.4974025974026,0.0,0.0,1.0,11.0,0.0,,,5.019960159204454,0.186000000000007,,,4.976611966656298
2022,18,STR,Aston Martin,19.0,91.419,False,,0.0,0.0,26.4974025974026,0.0,0.0,1.0,12.0,0.0,,,4.324349662087931,0.8649999999999949,,,4.477102237434884
2022,18,TSU,AlphaTauri,13.0,90.808,False,,0.0,0.0,26.4974025974026,0.0,0.0,1.0,13.0,0.0,,,3.114482300479487,-0.5139999999999958,,,4.270050741306634
2022,18,MAG,Haas F1 Team,18.0,91.352,False,,0.0,0.0,26.4974025974026,0.0,0.0,1.0,14.0,0.0,,,1.7320508075688776,0.2000000000000028,,,1.8378731669453576
2022,18,BOT,Alfa Romeo,12.0,90.709,False,,0.0,0.0,26.4974025974026,0.0,0.0,1.0,15.0,0.0,,,4.098780306383839,-0.1850000000000022,,,3.8078865529319503
2022,18,ZHO,Alfa Romeo,14.0,90.894,False,,0.0,0.0,26.4974025974026,0.0,0.0,1.0,16.0,0.0,,,3.714835124201342,0.1850000000000022,,,3.4641016151377517
2022,18,MSC,Haas F1 Team,15.0,91.152,False,,0.0,0.0,26.4974025974026,0.0,0.0,1.0,17.0,0.0,,,1.9235384061671343,-0.2000000000000028,,,1.7511900715418207
2022,18,GAS,AlphaTauri,17.0,91.322,False,,0.0,0.0,26.4974025974026,0.0,0.0,1.0,18.0,0.0,,,1.5811388300841918,0.5139999999999958,,,4.0124805295477755
2022,18,SAI,Ferrari,3.0,89.361,False,,0.0,0.0,26.4974025974026,0.0,0.0,1.0,19.0,0.0,,,2.073644135332776,0.0470000000000112,,,1.8737959096740295
2022,18,ALB,Williams,16.0,91.311,False,,0.0,0.0,26.4974025974026,0.0,0.0,1.0,20.0,0.0,,,3.114482300479488,-0.1999999999999886,,,3.653004851412662
2022,19,VER,Red Bull Racing,2.0,94.448,False,,0.0,0.0,35.86835443037976,0.0,,1.0,1.0,25.0,,,2.683281572999749,-0.1970000000000027,,,2.3781411975649265
2022,19,HAM,Mercedes,3.0,94.947,False,,0.0,0.0,35.86835443037976,0.0,,1.0,2.0,18.0,,,6.655824516917495,-0.0409999999999968,,,5.660781257427675
2022,19,LEC,Ferrari,12.0,94.421,False,,0.0,0.0,35.86835443037976,0.0,,1.0,3.0,15.0,,,1.6431676725154984,0.0650000000000119,,,5.165053511608354
2022,19,PER,Red Bull Racing,9.0,94.645,False,,0.0,0.0,35.86835443037976,0.0,,1.0,4.0,12.0,,,2.1679483388678764,0.1970000000000027,,,2.359378449224849
2022,19,RUS,Mercedes,4.0,94.988,False,,0.0,0.0,35.86835443037976,0.0,,1.0,5.0,11.0,,,4.919349550499538,0.0409999999999968,,,3.747591819348053
2022,19,NOR,McLaren,6.0,95.69,False,,0.0,0.0,35.86835443037976,0.0,,1.0,6.0,8.0,,,3.082207001484489,-1.3560000000000088,,,4.766783215358364
2022,19,ALO,Alpine,14.0,95.876,False,,0.0,0.0,35.86835443037976,0.0,,1.0,7.0,6.0,,,6.89202437604511,-1.191999999999993,,,5.553777493242276
2022,19,VET,Aston Martin,10.0,96.398,False,,0.0,0.0,35.86835443037976,0.0,,1.0,8.0,4.0,,,5.761944116355173,0.7999999999999972,,,5.2493385826745405
2022,19,MAG,Haas F1 Team,13.0,96.949,False,,0.0,0.0,35.86835443037976,0.0,,1.0,9.0,2.0,,,1.6733200530681511,-0.1620000000000061,,,1.9578900207451166
2022,19,TSU,AlphaTauri,19.0,96.808,False,,0.0,0.0,35.86835443037976,0.0,,1.0,10.0,1.0,,,2.915475947422649,0.2310000000000087,,,3.565264521898917
2022,19,OCO,Alpine,0.0,97.068,False,,0.0,0.0,35.86835443037976,0.0,,1.0,11.0,0.0,,,4.505552130427524,1.191999999999993,,,5.3789714010518175
2022,19,ZHO,Alfa Romeo,18.0,96.656,False,,0.0,0.0,35.86835443037976,0.0,,1.0,12.0,0.0,,,3.63318042491699,0.3370000000000033,,,3.400980250849252
2022,19,ALB,Williams,8.0,96.368,False,,0.0,0.0,35.86835443037976,0.0,,1.0,13.0,0.0,,,4.08656334834051,-0.8760000000000048,,,4.321779468896786
2022,19,GAS,AlphaTauri,11.0,96.577,False,,0.0,0.0,35.86835443037976,0.0,,1.0,14.0,0.0,,,3.962322551231791,-0.2310000000000087,,,3.842742076521226
2022,19,MSC,Haas F1 Team,16.0,97.111,False,,0.0,0.0,35.86835443037976,0.0,,1.0,15.0,0.0,,,2.408318915758459,0.1620000000000061,,,2.5298221281346995
2022,19,RIC,McLaren,15.0,97.046,False,,0.0,0.0,35.86835443037976,0.0,,1.0,16.0,0.0,,,5.099019513592786,1.3560000000000088,,,4.931756504757938
2022,19,LAT,Williams,17.0,97.244,False,,0.0,0.0,35.86835443037976,0.0,,1.0,17.0,0.0,,,4.08656334834051,0.8760000000000048,,,4.0551750201988135
2022,19,STR,Aston Martin,5.0,95.598,False,,0.0,0.0,35.86835443037976,0.0,,1.0,18.0,0.0,,,4.33589667773576,-0.7999999999999972,,,4.808557187163549
2022,19,BOT,Alfa Romeo,7.0,96.319,False,,0.0,0.0,35.86835443037976,0.0,,1.0,19.0,0.0,,,3.577708763999662,-0.3370000000000033,,,3.400980250849252
2022,19,SAI,Ferrari,1.0,94.356,False,,0.0,0.0,35.86835443037976,0.0,,1.0,20.0,0.0,,,6.8044103344816005,-0.0650000000000119,,,5.206833117271104
2022,20,VER,Red Bull Racing,1.0,77.775,False,,0.0,0.0,48.52820512820512,1.0,,1.0,1.0,25.0,,,2.683281572999749,-0.3529999999999944,,,2.2632326929023914
2022,20,HAM,Mercedes,3.0,78.084,False,,0.0,0.0,48.52820512820512,1.0,,1.0,2.0,18.0,,,2.549509756796391,0.0050000000000096,,,3.7133393177689666
2022,20,PER,Red Bull Racing,4.0,78.128,False,,0.0,0.0,48.52820512820512,1.0,,1.0,3.0,15.0,,,2.0736441353327684,0.3529999999999944,,,2.3781411975649265
2022,20,RUS,Mercedes,2.0,78.079,False,,0.0,0.0,48.52820512820512,1.0,,1.0,4.0,13.0,,,4.827007354458869,-0.0050000000000096,,,3.865804501581068
2022,20,SAI,Ferrari,5.0,78.351,False,,0.0,0.0,48.52820512820512,1.0,,1.0,5.0,10.0,,,8.167006795638166,-0.2040000000000077,,,6.847546194724713
2022,20,LEC,Ferrari,7.0,78.555,False,,0.0,0.0,48.52820512820512,1.0,,1.0,6.0,8.0,,,0.5477225575051665,0.2040000000000077,,,6.961002482082273
2022,20,RIC,McLaren,11.0,79.325,False,,0.0,0.0,48.52820512820512,1.0,,1.0,7.0,6.0,,,5.21536192416212,0.6039999999999992,,,4.962078417580906
2022,20,OCO,Alpine,10.0,79.01,False,,0.0,0.0,48.52820512820512,2.0,,1.0,8.0,4.0,,,4.32434966208793,0.0710000000000121,,,5.526702854726721
2022,20,NOR,McLaren,8.0,78.721,False,,0.0,0.0,48.52820512820512,1.0,,1.0,9.0,2.0,,,2.167948338867881,-0.6039999999999992,,,5.055250296034368
2022,20,BOT,Alfa Romeo,6.0,78.401,False,,0.0,0.0,48.52820512820512,1.0,,1.0,10.0,1.0,,,3.577708763999662,-1.0750000000000028,,,3.541813722437196
2022,20,GAS,AlphaTauri,14.0,79.672,False,,0.0,0.0,48.52820512820512,1.0,,1.0,11.0,0.0,,,3.898717737923586,0.0829999999999984,,,3.743141876967945
2022,20,ALB,Williams,17.0,80.859,False,,0.0,0.0,48.52820512820512,1.0,,1.0,12.0,0.0,,,4.03732584763727,-0.3080000000000069,,,3.9846929339382955
2022,20,ZHO,Alfa Romeo,12.0,79.476,False,,0.0,0.0,48.52820512820512,1.0,,1.0,13.0,0.0,,,3.898717737923586,1.0750000000000028,,,3.5839146815241634
2022,20,VET,Aston Martin,16.0,80.419,False,,0.0,0.0,48.52820512820512,1.0,,1.0,14.0,0.0,,,5.761944116355173,-0.100999999999999,,,5.275730597114805
2022,20,STR,Aston Martin,20.0,80.52,False,,0.0,0.0,48.52820512820512,1.0,,1.0,15.0,0.0,,,5.215361924162119,0.100999999999999,,,5.2493385826745405
2022,20,MSC,Haas F1 Team,15.0,80.419,False,,0.0,0.0,48.52820512820512,1.0,,1.0,16.0,0.0,,,2.0,0.5859999999999985,,,2.5298221281346995
2022,20,MAG,Haas F1 Team,19.0,79.833,False,,0.0,0.0,48.52820512820512,1.0,,1.0,17.0,0.0,,,2.7748873851023217,-0.5859999999999985,,,2.3190036174568074
2022,20,LAT,Williams,18.0,81.167,False,,0.0,0.0,48.52820512820512,1.0,,1.0,18.0,0.0,,,3.9749213828703582,0.3080000000000069,,,3.9846929339382955
2022,20,ALO,Alpine,9.0,78.939,False,,0.0,0.0,48.52820512820512,1.0,,1.0,19.0,0.0,,,6.503845016603639,-0.0710000000000121,,,5.24510353673892
2022,20,TSU,AlphaTauri,13.0,79.589,False,,0.0,0.0,48.52820512820512,1.0,,1.0,20.0,0.0,,,3.646916505762093,-0.0829999999999984,,,3.743141876967945
2022,21,RUS,Mercedes,1.0,71.318,True,1.0,8.0,1.0,26.713580246913576,1.0,,0.75,1.0,26.0,0.25,,4.438468204234431,-0.2210000000000036,,,3.8930136855083823
2022,21,HAM,Mercedes,2.0,71.539,True,3.0,6.0,1.0,26.713580246913576,1.0,,0.72,2.0,18.0,0.28,,2.8809720581775857,0.2210000000000036,,,3.7133393177689666
2022,21,SAI,Ferrari,7.0,70.89,True,2.0,7.0,1.0,26.713580246913576,1.0,,0.6666666666666666,3.0,15.0,0.3333333333333333,,8.526429498916881,-0.0600000000000022,,,6.740425308044986
2022,21,LEC,Ferrari,5.0,70.95,True,6.0,3.0,1.0,26.713580246913576,1.0,,0.6,4.0,12.0,0.4,,1.6431676725154984,0.0600000000000022,,,6.864562784491248
2022,21,ALO,Alpine,17.0,71.394,True,18.0,0.0,1.0,26.713580246913576,1.0,,0.8095238095238095,5.0,10.0,0.1904761904761904,,6.403124237432848,-0.1929999999999978,,,5.597618541248891
2022,21,VER,Red Bull Racing,3.0,70.881,True,4.0,5.0,1.0,26.713580246913576,1.0,,0.7391304347826086,6.0,8.0,0.2608695652173913,,2.683281572999749,-0.5750000000000028,,,2.440400695696414
2022,21,PER,Red Bull Racing,4.0,71.456,True,5.0,4.0,1.0,26.713580246913576,1.0,,0.6923076923076923,7.0,6.0,0.3076923076923077,,1.9235384061671303,0.5750000000000028,,,2.2632326929023914
2022,21,OCO,Alpine,16.0,71.587,True,17.0,0.0,1.0,26.713580246913576,1.0,,0.7727272727272727,8.0,4.0,0.2272727272727272,,4.415880433163923,0.1929999999999978,,,5.3995884616844245
2022,21,BOT,Alfa Romeo,14.0,75.486,True,14.0,0.0,1.0,26.713580246913576,0.0,,0.3076923076923077,9.0,2.0,0.6923076923076923,,3.577708763999661,0.2890000000000015,,,3.5418137224371993
2022,21,STR,Aston Martin,15.0,72.21,True,16.0,0.0,1.0,26.713580246913576,0.0,,0.7083333333333334,10.0,1.0,0.2916666666666667,,5.019960159204453,0.5319999999999965,,,5.275730597114805
2022,21,VET,Aston Martin,9.0,71.678,True,9.0,0.0,1.0,26.713580246913576,0.0,,0.7391304347826086,11.0,0.0,0.2608695652173913,,5.761944116355173,-0.5319999999999965,,,4.9452558635075246
2022,21,ZHO,Alfa Romeo,13.0,75.197,True,13.0,0.0,1.0,26.713580246913576,0.0,,0.3333333333333333,12.0,0.0,0.6666666666666666,,3.898717737923586,-0.2890000000000015,,,3.8658045015810694
2022,21,MSC,Haas F1 Team,12.0,76.361,True,12.0,0.0,1.0,26.713580246913576,0.0,,0.3333333333333333,13.0,0.0,0.6666666666666666,,2.073644135332772,4.951000000000008,,,2.9888682361946493
2022,21,GAS,AlphaTauri,10.0,71.675,True,10.0,0.0,1.0,26.713580246913576,0.0,,0.7916666666666666,14.0,0.0,0.2083333333333333,,3.898717737923586,-4.588999999999999,,,3.743141876967945
2022,21,ALB,Williams,19.0,71.631,True,20.0,0.0,1.0,26.713580246913576,0.0,,0.7142857142857143,15.0,0.0,0.2857142857142857,,3.5637059362410923,-3.463999999999998,,,3.9846929339382955
2022,21,LAT,Williams,18.0,75.095,True,19.0,0.0,1.0,26.713580246913576,0.0,,0.5384615384615384,16.0,0.0,0.4615384615384615,,3.9749213828703582,3.463999999999998,,,3.407508050043479
2022,21,TSU,AlphaTauri,0.0,76.264,True,15.0,0.0,1.0,26.713580246913576,0.0,,0.3333333333333333,17.0,0.0,0.6666666666666666,,3.646916505762093,4.588999999999999,,,3.2472210341220147
2022,21,NOR,McLaren,6.0,71.377,True,7.0,2.0,1.0,26.713580246913576,1.0,,0.72,18.0,0.0,0.28,,2.3874672772626653,-0.7630000000000052,,,4.417138339593985
2022,21,MAG,Haas F1 Team,8.0,71.41,True,8.0,1.0,1.0,26.713580246913576,1.0,,0.6538461538461539,19.0,0.0,0.3461538461538461,,3.2093613071762426,-4.951000000000008,,,2.601281735350219
2022,21,RIC,McLaren,11.0,72.14,True,11.0,0.0,1.0,26.713580246913576,0.0,,0.7142857142857143,20.0,0.0,0.2857142857142857,,5.310367218940702,0.7630000000000052,,,5.121848624601603
2022,22,VER,Red Bull Racing,1.0,83.824,False,,0.0,0.0,33.94246575342466,1.0,,1.0,1.0,25.0,,,3.0331501776206213,-0.2280000000000086,,,2.4152294576982367
2022,22,LEC,Ferrari,3.0,84.092,False,,0.0,0.0,33.94246575342466,1.0,,1.0,2.0,18.0,,,1.51657508881031,-0.1500000000000056,,,6.795423296438404
2022,22,PER,Red Bull Racing,2.0,84.052,False,,0.0,0.0,33.94246575342466,1.0,,1.0,3.0,15.0,,,2.3021728866442643,0.2280000000000086,,,2.540778533354598
2022,22,SAI,Ferrari,4.0,84.242,False,,0.0,0.0,33.94246575342466,1.0,,1.0,4.0,12.0,,,8.717797887081346,0.1500000000000056,,,6.795423296438404
2022,22,RUS,Mercedes,6.0,84.511,False,,0.0,0.0,33.94246575342466,1.0,,1.0,5.0,10.0,,,4.929503017546496,0.0030000000000001,,,5.685263601823773
2022,22,NOR,McLaren,7.0,84.769,False,,0.0,0.0,33.94246575342466,1.0,,1.0,6.0,9.0,,,5.366563145999495,-0.2759999999999962,,,5.6213877290220795
2022,22,OCO,Alpine,8.0,84.83,False,,0.0,0.0,33.94246575342466,1.0,,1.0,7.0,6.0,,,4.449719092257397,-0.2660000000000053,,,5.797509043642029
2022,22,STR,Aston Martin,14.0,85.359,False,,0.0,0.0,33.94246575342466,1.0,,1.0,8.0,4.0,,,4.604345773288535,0.3979999999999961,,,3.9944405810520647
2022,22,RIC,McLaren,13.0,85.045,False,,0.0,0.0,33.94246575342466,1.0,,1.0,9.0,2.0,,,6.220932405998316,0.2759999999999962,,,5.391351098441529
2022,22,VET,Aston Martin,9.0,84.961,False,,0.0,0.0,33.94246575342466,1.0,,1.0,10.0,1.0,,,3.1304951684997047,-0.3979999999999961,,,3.771236166328254
2022,22,TSU,AlphaTauri,11.0,85.219,False,,0.0,0.0,33.94246575342466,1.0,,1.0,11.0,0.0,,,3.8078865529319534,-0.6400000000000006,,,3.062315754094895
2022,22,ZHO,Alfa Romeo,15.0,85.408,False,,0.0,0.0,33.94246575342466,2.0,,1.0,12.0,0.0,,,3.435112807463533,-0.4839999999999946,,,3.604010112206803
2022,22,ALB,Williams,19.0,86.028,False,,0.0,0.0,33.94246575342466,1.0,,1.0,13.0,0.0,,,3.2093613071762426,-0.0259999999999962,,,3.405877273185281
2022,22,GAS,AlphaTauri,17.0,85.859,False,,0.0,0.0,33.94246575342466,1.0,,1.0,14.0,0.0,,,3.130495168499708,0.6400000000000006,,,3.39280283999986
2022,22,BOT,Alfa Romeo,18.0,85.892,False,,0.0,0.0,33.94246575342466,1.0,,1.0,15.0,0.0,,,4.147288270665541,0.4839999999999946,,,3.7133393177689675
2022,22,MSC,Haas F1 Team,12.0,85.225,False,,0.0,0.0,33.94246575342466,1.0,,1.0,16.0,0.0,,,1.7888543819998317,-0.6090000000000089,,,2.8674417556808716
2022,22,MAG,Haas F1 Team,16.0,85.834,False,,0.0,0.0,33.94246575342466,1.0,,1.0,17.0,0.0,,,3.96232255123179,0.6090000000000089,,,2.9154759474226464
2022,22,HAM,Mercedes,5.0,84.508,False,,0.0,0.0,33.94246575342466,1.0,,1.0,18.0,0.0,,,3.082207001484487,-0.0030000000000001,,,4.077035960378842
2022,22,LAT,Williams,20.0,86.054,False,,0.0,0.0,33.94246575342466,1.0,,1.0,19.0,0.0,,,3.96232255123179,0.0259999999999962,,,3.4576806613039843
2022,22,ALO,Alpine,10.0,85.096,False,,0.0,0.0,33.94246575342466,1.0,,1.0,20.0,0.0,,,6.723094525588643,0.2660000000000053,,,5.457919831665622
2023,1,VER,Red Bull,1.0,89.708,False,,0.0,,,,,,1.0,25.0,,,,-0.1380000000000052,,,
2023,1,PER,Red Bull,2.0,89.846,False,,0.0,,,,,,2.0,18.0,,,,0.1380000000000052,,,
2023,1,ALO,Aston Martin,5.0,90.336,False,,0.0,,,,,,3.0,15.0,,,,-0.5,,,3.645392830531285
2023,1,SAI,Ferrari,4.0,90.154,False,,0.0,,,,,,4.0,12.0,,,,0.1539999999999963,,,7.560864148142505
2023,1,HAM,Mercedes,7.0,90.384,False,,0.0,,,,,,5.0,10.0,,,,0.0439999999999969,,,4.962078417580905
2023,1,STR,Aston Martin,8.0,90.836,False,,0.0,,,,,,6.0,8.0,,,,0.5,,,4.448470398787531
2023,1,RUS,Mercedes,6.0,90.34,False,,0.0,,,,,,7.0,6.0,,,,-0.0439999999999969,,,4.962078417580905
2023,1,BOT,Alfa Romeo,12.0,91.443,False,,0.0,,,,,,8.0,4.0,,,,-0.0300000000000011,,,2.9832867780352625
2023,1,GAS,Alpine F1 Team,20.0,92.181,False,,0.0,,,,,,9.0,2.0,,,,1.1970000000000027,,,
2023,1,ALB,Williams,15.0,91.461,False,,0.0,,,,,,10.0,1.0,,,,-0.1910000000000025,,,3.4576806613039843
2023,1,TSU,AlphaTauri,14.0,92.51,False,,0.0,,,,,,11.0,0.0,,,,0.38900000000001,,,2.9739610697593952
2023,1,SAR,Williams,16.0,91.652,False,,0.0,,,,,,12.0,0.0,,,,0.1910000000000025,,,3.3598941782277745
2023,1,MAG,Haas F1 Team,17.0,91.892,False,,0.0,,,,,,13.0,0.0,,,,1.0829999999999984,,,2.7568097504180398
2023,1,DEV,AlphaTauri,19.0,92.121,False,,0.0,,,,,,14.0,0.0,,,,-0.38900000000001,,,3.2591750830880852
2023,1,HUL,Haas F1 Team,10.0,90.809,False,,0.0,,,,,,15.0,0.0,,,,-1.0829999999999984,,,2.790858091857926
2023,1,ZHO,Alfa Romeo,13.0,91.473,False,,0.0,,,,,,16.0,0.0,,,,0.0300000000000011,,,3.339993346633431
2023,1,NOR,McLaren,11.0,91.381,False,,0.0,,,,,,17.0,0.0,,,,-0.7199999999999989,,,5.050852513300217
2023,1,OCO,Alpine F1 Team,9.0,90.984,False,,0.0,,,,,,18.0,0.0,,,,-1.1970000000000027,,,
2023,1,LEC,Ferrari,3.0,90.0,False,,0.0,,,,,,19.0,0.0,,,,-0.1539999999999963,,,6.740425308044986
2023,1,PIA,McLaren,18.0,92.101,False,,0.0,,,,,,20.0,0.0,,,,0.7199999999999989,,,5.342700108039423
2023,2,PER,Red Bull,1.0,88.265,False,,0.0,,,,,,1.0,25.0,,,,-21.688,,,
2023,2,VER,Red Bull,15.0,109.953,False,,0.0,,,,,,2.0,19.0,,,,21.688,,,
2023,2,ALO,Aston Martin,2.0,88.73,False,,0.0,,,,,,3.0,15.0,,,,-0.2149999999999892,,,4.448470398787531
2023,2,RUS,Mercedes,3.0,88.857,False,,0.0,,,,,,4.0,12.0,,,,-0.3659999999999996,,,4.788875998951459
2023,2,HAM,Mercedes,7.0,89.223,False,,0.0,,,,,,5.0,10.0,,,,0.3659999999999996,,,4.909175083453431
2023,2,SAI,Ferrari,4.0,88.931,False,,0.0,,,,,,6.0,8.0,,,,0.5109999999999957,,,6.5353738310146525
2023,2,LEC,Ferrari,12.0,88.42,False,,0.0,,,,,,7.0,6.0,,,,-0.5109999999999957,,,6.6833125519211425
2023,2,OCO,Alpine F1 Team,6.0,89.078,False,,0.0,,,,,,8.0,4.0,,,,-0.2789999999999963,,,
2023,2,GAS,Alpine F1 Team,9.0,89.357,False,,0.0,,,,,,9.0,2.0,,,,0.2789999999999963,,,
2023,2,MAG,Haas F1 Team,13.0,89.634,False,,0.0,,,,,,10.0,1.0,,,,0.1830000000000069,,,2.162817093001106
2023,2,TSU,AlphaTauri,16.0,89.939,False,,0.0,,,,,,11.0,0.0,,,,-0.3050000000000068,,,3.0983866769659336
2023,2,HUL,Haas F1 Team,10.0,89.451,False,,0.0,,,,,,12.0,0.0,,,,-0.1830000000000069,,,2.788866755113581
2023,2,ZHO,Alfa Romeo,11.0,89.461,False,,0.0,,,,,,13.0,0.0,,,,-0.2070000000000078,,,3.135814620371135
2023,2,DEV,AlphaTauri,18.0,90.244,False,,0.0,,,,,,14.0,0.0,,,,0.3050000000000068,,,3.0983866769659336
2023,2,PIA,McLaren,8.0,89.243,False,,0.0,,,,,,15.0,0.0,,,,-1.2040000000000075,,,5.506561742341791
2023,2,SAR,Williams,20.0,128.51,False,,0.0,,,,,,16.0,0.0,,,,38.51599999999999,,,3.2128215360057313
2023,2,NOR,McLaren,19.0,90.447,False,,0.0,,,,,,17.0,0.0,,,,1.2040000000000075,,,5.9029182989809765
2023,2,BOT,Alfa Romeo,14.0,89.668,False,,0.0,,,,,,18.0,0.0,,,,0.2070000000000078,,,3.339993346633431
2023,2,ALB,Williams,17.0,89.994,False,,0.0,,,,,,19.0,0.0,,,,-38.51599999999999,,,2.9533408577782256
2023,2,STR,Aston Martin,5.0,88.945,False,,0.0,,,,,,20.0,0.0,,,,0.2149999999999892,,,4.077035960378843
2023,3,VER,Red Bull,1.0,76.732,False,,0.0,,,,,,1.0,25.0,,,,,,,
2023,3,HAM,Mercedes,3.0,77.104,False,,0.0,,,,,,2.0,18.0,,,,0.1359999999999956,,,4.808557187163549
2023,3,ALO,Aston Martin,4.0,77.139,False,,0.0,,,,,,3.0,15.0,,,,-0.1690000000000111,,,5.374838498865701
2023,3,STR,Aston Martin,6.0,77.308,False,,0.0,,,,,,4.0,12.0,,,,0.1690000000000111,,,5.473166867139679
2023,3,PER,Red Bull,20.0,,False,,0.0,,,,,,5.0,11.0,,,,,,,
2023,3,NOR,McLaren,13.0,78.119,False,,0.0,,,,,,6.0,8.0,,,,-0.3979999999999961,,,5.473166867139681
2023,3,HUL,Haas F1 Team,10.0,77.735,False,,0.0,,,,,,7.0,6.0,,,,-0.3940000000000054,,,2.7406406388125912
2023,3,PIA,McLaren,16.0,78.517,False,,0.0,,,,,,8.0,4.0,,,,0.3979999999999961,,,5.835713800003868
2023,3,ZHO,Alfa Romeo,17.0,78.54,False,,0.0,,,,,,9.0,2.0,,,,-0.1739999999999923,,,3.0568684048294377
2023,3,TSU,AlphaTauri,12.0,78.099,False,,0.0,,,,,,10.0,1.0,,,,-0.23599999999999,,,2.846049894151542
2023,3,BOT,Alfa Romeo,19.0,78.714,False,,0.0,,,,,,11.0,0.0,,,,0.1739999999999923,,,3.134042472944847
2023,3,SAI,Ferrari,5.0,77.27,False,,0.0,,,,,,12.0,0.0,,,,-0.0990000000000037,,,6.5353738310146525
2023,3,GAS,Alpine F1 Team,9.0,77.675,False,,0.0,,,,,,13.0,0.0,,,,-0.0930000000000035,,,
2023,3,OCO,Alpine F1 Team,11.0,77.768,False,,0.0,,,,,,14.0,0.0,,,,0.0930000000000035,,,
2023,3,DEV,AlphaTauri,15.0,78.335,False,,0.0,,,,,,15.0,0.0,,,,0.23599999999999,,,2.98328677803526
2023,3,SAR,Williams,18.0,78.557,False,,0.0,,,,,,16.0,0.0,,,,0.9480000000000076,,,3.1989581637360214
2023,3,MAG,Haas F1 Team,14.0,78.129,False,,0.0,,,,,,17.0,0.0,,,,0.3940000000000054,,,3.5527766918597914
2023,3,RUS,Mercedes,2.0,76.968,False,,0.0,,,,,,18.0,0.0,,,,-0.1359999999999956,,,4.808557187163549
2023,3,ALB,Williams,8.0,77.609,False,,0.0,,,,,,19.0,0.0,,,,-0.9480000000000076,,,3.16227766016838
2023,3,LEC,Ferrari,7.0,77.369,False,,0.0,,,,,,20.0,0.0,,,,0.0990000000000037,,,4.807401700618655
2023,4,PER,Red Bull,3.0,100.495,True,1.0,8.0,,,,,,1.0,25.0,,,,0.1039999999999992,,,1.5491933384829668
2023,4,VER,Red Bull,2.0,100.391,True,3.0,6.0,,,,,,2.0,18.0,,,,-0.1039999999999992,,,1.4638501094227998
2023,4,LEC,Ferrari,1.0,100.203,True,2.0,7.0,,,,,,3.0,15.0,,,,-0.8130000000000024,,,6.624030327359455
2023,4,ALO,Aston Martin,6.0,101.253,True,6.0,3.0,,,,,,4.0,12.0,,,,-0.3580000000000041,,,5.329165037789693
2023,4,SAI,Ferrari,4.0,101.016,True,5.0,4.0,,,,,,5.0,10.0,,,,0.8130000000000024,,,6.699917080747262
2023,4,HAM,Mercedes,5.0,101.177,True,7.0,2.0,,,,,,6.0,8.0,,,,-0.4769999999999896,,,6.219146064997813
2023,4,STR,Aston Martin,9.0,101.611,True,8.0,1.0,,,,,,7.0,6.0,,,,0.3580000000000041,,,5.39135109844153
2023,4,RUS,Mercedes,11.0,101.654,True,4.0,5.0,,,,,,8.0,5.0,,,,0.4769999999999896,,,6.008327554319921
2023,4,NOR,McLaren,7.0,101.281,True,17.0,0.0,,,,,,9.0,2.0,,,,-0.3299999999999983,,,5.719362823873927
2023,4,TSU,AlphaTauri,8.0,101.581,True,19.0,0.0,,,,,,10.0,1.0,,,,-13.700999999999992,,,3.128720008068618
2023,4,PIA,McLaren,10.0,101.611,True,10.0,0.0,,,,,,11.0,0.0,,,,0.3299999999999983,,,5.6578362570077205
2023,4,ALB,Williams,12.0,101.818,True,9.0,0.0,,,,,,12.0,0.0,,,,-0.5769999999999982,,,3.100179206289713
2023,4,MAG,Haas F1 Team,16.0,103.417,True,11.0,0.0,,,,,,13.0,0.0,,,,0.6620000000000061,,,3.3681514877517644
2023,4,GAS,Alpine F1 Team,17.0,104.853,True,13.0,0.0,,,,,,14.0,0.0,,,,3.0549999999999926,,,3.8686776379877745
2023,4,OCO,Alpine F1 Team,19.0,101.798,True,18.0,0.0,,,,,,15.0,0.0,,,,-3.0549999999999926,,,3.6253078686998625
2023,4,SAR,Williams,14.0,102.395,True,20.0,0.0,,,,,,16.0,0.0,,,,0.5769999999999982,,,3.2930904093942592
2023,4,HUL,Haas F1 Team,20.0,102.755,True,15.0,0.0,,,,,,17.0,0.0,,,,-0.6620000000000061,,,3.6347092196090585
2023,4,BOT,Alfa Romeo,13.0,102.259,True,16.0,0.0,,,,,,18.0,0.0,,,,-0.3829999999999955,,,3.2676869155073303
2023,4,ZHO,Alfa Romeo,15.0,102.642,True,12.0,0.0,,,,,,19.0,0.0,,,,0.3829999999999955,,,3.4896672875473094
2023,4,DEV,AlphaTauri,18.0,115.282,True,14.0,0.0,,,,,,20.0,0.0,,,,13.700999999999992,,,2.233582075700128
2023,5,VER,Red Bull,9.0,86.814,False,,0.0,,,,,,1.0,26.0,,,,-0.027000000000001,,,1.2692955176439846
2023,5,PER,Red Bull,1.0,86.841,False,,0.0,,,,,,2.0,18.0,,,,0.027000000000001,,,1.3562026818605375
2023,5,ALO,Aston Martin,2.0,87.202,False,,0.0,,,,,,3.0,15.0,,,,-1.274000000000001,,,5.223876806442598
2023,5,RUS,Mercedes,6.0,87.804,False,,0.0,,,,,,4.0,12.0,,,,-0.1709999999999922,,,4.3256341860022225
2023,5,SAI,Ferrari,3.0,87.349,False,,0.0,,,,,,5.0,10.0,,,,-0.5120000000000005,,,6.219146064997815
2023,5,HAM,Mercedes,13.0,87.975,False,,0.0,,,,,,6.0,8.0,,,,0.1709999999999922,,,5.6134758493389025
2023,5,LEC,Ferrari,7.0,87.861,False,,0.0,,,,,,7.0,6.0,,,,0.5120000000000005,,,6.562519841239849
2023,5,GAS,Alpine F1 Team,5.0,87.786,False,,0.0,,,,,,8.0,4.0,,,,-0.1490000000000009,,,3.505098327538656
2023,5,OCO,Alpine F1 Team,8.0,87.935,False,,0.0,,,,,,9.0,2.0,,,,0.1490000000000009,,,3.605551275463989
2023,5,MAG,Haas F1 Team,4.0,87.767,False,,0.0,,,,,,10.0,1.0,,,,-0.1360000000000099,,,3.205897343611888
2023,5,TSU,AlphaTauri,17.0,88.429,False,,0.0,,,,,,11.0,0.0,,,,0.034000000000006,,,3.4705106892854327
2023,5,STR,Aston Martin,18.0,88.476,False,,0.0,,,,,,12.0,0.0,,,,1.274000000000001,,,5.334374898294605
2023,5,BOT,Alfa Romeo,10.0,87.564,False,,0.0,,,,,,13.0,0.0,,,,-0.527000000000001,,,3.900142447541002
2023,5,ALB,Williams,11.0,87.795,False,,0.0,,,,,,14.0,0.0,,,,-0.7819999999999965,,,3.2930904093942592
2023,5,HUL,Haas F1 Team,12.0,87.903,False,,0.0,,,,,,15.0,0.0,,,,0.1360000000000099,,,3.3681514877517644
2023,5,ZHO,Alfa Romeo,14.0,88.091,False,,0.0,,,,,,16.0,0.0,,,,0.527000000000001,,,3.888730155490636
2023,5,NOR,McLaren,16.0,88.394,False,,0.0,,,,,,17.0,0.0,,,,-0.0899999999999892,,,5.050852513300218
2023,5,DEV,AlphaTauri,15.0,88.395,False,,0.0,,,,,,18.0,0.0,,,,-0.034000000000006,,,3.091206165165235
2023,5,PIA,McLaren,19.0,88.484,False,,0.0,,,,,,19.0,0.0,,,,0.0899999999999892,,,4.840798832148818
2023,5,SAR,Williams,20.0,88.577,False,,0.0,,,,,,20.0,0.0,,,,0.7819999999999965,,,3.233505150074074
2023,6,VER,Red Bull,1.0,71.365,False,,0.0,,,,,,1.0,25.0,,,0.5477225575051661,-2.4849999999999994,,,4.661902329879224
2023,6,ALO,Aston Martin,2.0,71.449,False,,0.0,,,,,,2.0,18.0,,,0.4472135954999579,-1.1740000000000066,,,5.522680508593632
2023,6,OCO,Alpine F1 Team,3.0,71.553,False,,0.0,,,,,,3.0,15.0,,,4.207136793592526,-0.3800000000000096,,,3.7490739597339977
2023,6,HAM,Mercedes,5.0,71.725,False,,0.0,,,,,,4.0,13.0,,,1.6431676725154984,-0.2390000000000043,,,4.377975178854566
2023,6,RUS,Mercedes,8.0,71.964,False,,0.0,,,,,,5.0,10.0,,,5.761944116355173,0.2390000000000043,,,4.427188724235731
2023,6,LEC,Ferrari,6.0,71.471,False,,0.0,,,,,,6.0,8.0,,,7.758865896508329,-0.1589999999999918,,,6.142746399887706
2023,6,GAS,Alpine F1 Team,7.0,71.933,False,,0.0,,,,,,7.0,6.0,,,2.701851217221259,0.3800000000000096,,,3.529242915351047
2023,6,SAI,Ferrari,4.0,71.63,False,,0.0,,,,,,8.0,4.0,,,3.2093613071762426,0.1589999999999918,,,5.016638981097474
2023,6,NOR,McLaren,10.0,72.254,False,,0.0,,,,,,9.0,2.0,,,5.310367218940701,-0.1409999999999911,,,4.976611966656303
2023,6,PIA,McLaren,11.0,72.395,False,,0.0,,,,,,10.0,1.0,,,5.128352561983234,0.1409999999999911,,,5.065131346328108
2023,6,BOT,Alfa Romeo,15.0,72.625,False,,0.0,,,,,,11.0,0.0,,,4.39317652729776,-0.8979999999999961,,,3.900142447541001
2023,6,DEV,AlphaTauri,12.0,72.428,False,,0.0,,,,,,12.0,0.0,,,2.683281572999748,0.3460000000000036,,,3.4705106892854327
2023,6,ZHO,Alfa Romeo,19.0,73.523,False,,0.0,,,,,,13.0,0.0,,,3.781534080237808,0.8979999999999961,,,3.4705106892854305
2023,6,ALB,Williams,13.0,72.527,False,,0.0,,,,,,14.0,0.0,,,4.08656334834051,-0.5859999999999985,,,3.373096170846272
2023,6,TSU,AlphaTauri,9.0,72.082,False,,0.0,,,,,,15.0,0.0,,,0.547722557505166,-0.3460000000000036,,,3.489667287547307
2023,6,PER,Red Bull,20.0,73.85,False,,0.0,,,,,,16.0,0.0,,,1.6431676725154984,2.4849999999999994,,,1.2292725943057183
2023,6,HUL,Haas F1 Team,18.0,73.279,False,,0.0,,,,,,17.0,0.0,,,3.898717737923586,0.0090000000000003,,,3.247221034122012
2023,6,SAR,Williams,16.0,73.113,False,,0.0,,,,,,18.0,0.0,,,2.8284271247461903,0.5859999999999985,,,2.859681411936963
2023,6,MAG,Haas F1 Team,17.0,73.27,False,,0.0,,,,,,19.0,0.0,,,2.8809720581775866,-0.0090000000000003,,,3.446415206816753
2023,6,STR,Aston Martin,14.0,72.623,False,,0.0,,,,,,20.0,0.0,,,6.418722614352485,1.1740000000000066,,,5.601587076693337
2023,7,VER,Red Bull,1.0,72.272,False,,0.0,,,,,,1.0,26.0,,,0.5477225575051661,-1.0619999999999976,,,4.600724580614087
2023,7,HAM,Mercedes,4.0,72.818,False,,0.0,,,,,,2.0,18.0,,,1.6733200530681511,-0.6290000000000049,,,4.442221666388715
2023,7,RUS,Mercedes,12.0,73.447,False,,0.0,,,,,,3.0,15.0,,,5.93295878967653,0.6290000000000049,,,4.62961481479111
2023,7,PER,Red Bull,11.0,73.334,False,,0.0,,,,,,4.0,12.0,,,6.363961030678928,1.0619999999999976,,,4.661902329879224
2023,7,SAI,Ferrari,2.0,72.734,False,,0.0,,,,,,5.0,10.0,,,2.949576240750525,-1.3449999999999989,,,4.945255863507528
2023,7,STR,Aston Martin,5.0,72.994,False,,0.0,,,,,,6.0,8.0,,,7.334848328356899,-0.5130000000000052,,,6.860515043833567
2023,7,ALO,Aston Martin,8.0,73.507,False,,0.0,,,,,,7.0,6.0,,,0.7071067811865476,0.5130000000000052,,,7.052186422190877
2023,7,OCO,Alpine F1 Team,6.0,73.083,False,,0.0,,,,,,8.0,4.0,,,4.868264577855235,0.2669999999999959,,,3.8427420765212275
2023,7,ZHO,Alfa Romeo,13.0,73.521,False,,0.0,,,,,,9.0,2.0,,,3.741657386773941,-0.456000000000003,,,3.5839146815241625
2023,7,GAS,Alpine F1 Team,10.0,72.816,False,,0.0,,,,,,10.0,1.0,,,3.114482300479488,-0.2669999999999959,,,3.8586123009300763
2023,7,LEC,Ferrari,19.0,74.079,False,,0.0,,,,,,11.0,0.0,,,6.58027355054484,1.3449999999999989,,,4.8636977245256094
2023,7,TSU,AlphaTauri,15.0,74.477,False,,0.0,,,,,,12.0,0.0,,,2.073644135332772,0.3940000000000054,,,3.4383458555273676
2023,7,PIA,McLaren,9.0,73.682,False,,0.0,,,,,,13.0,0.0,,,4.39317652729776,0.8900000000000006,,,4.508017549014449
2023,7,DEV,AlphaTauri,14.0,74.083,False,,0.0,,,,,,14.0,0.0,,,3.1937438845342627,-0.3940000000000054,,,3.4383458555273676
2023,7,HUL,Haas F1 Team,7.0,73.229,False,,0.0,,,,,,15.0,0.0,,,4.219004621945797,-0.8130000000000024,,,3.917198545446021
2023,7,ALB,Williams,18.0,74.063,False,,0.0,,,,,,16.0,0.0,,,3.209361307176242,-0.6359999999999957,,,2.590581230363393
2023,7,NOR,McLaren,3.0,72.792,False,,0.0,,,,,,17.0,0.0,,,5.079370039680118,-0.8900000000000006,,,4.508017549014449
2023,7,MAG,Haas F1 Team,17.0,74.042,False,,0.0,,,,,,18.0,0.0,,,4.086563348340509,0.8130000000000024,,,3.8873012632301975
2023,7,BOT,Alfa Romeo,16.0,73.977,False,,0.0,,,,,,19.0,0.0,,,3.5637059362410923,0.456000000000003,,,3.446415206816755
2023,7,SAR,Williams,20.0,74.699,False,,0.0,,,,,,20.0,0.0,,,1.7888543819998317,0.6359999999999957,,,2.4244128727957577
2023,8,VER,Red Bull,1.0,85.858,False,,0.0,,,,,,1.0,25.0,,,0.4472135954999578,4.899000000000001,,,4.696334267868457
2023,8,ALO,Aston Martin,2.0,87.286,False,,0.0,,,,,,2.0,18.0,,,1.9235384061671343,5.802000000000007,,,5.47316686713968
2023,8,HAM,Mercedes,3.0,87.627,False,,0.0,,,,,,3.0,15.0,,,2.0,-0.2660000000000053,,,4.685675570881488
2023,8,LEC,Ferrari,10.0,80.615,False,,0.0,,,,,,4.0,12.0,,,6.58027355054484,-8.679000000000002,,,5.0066622281382935
2023,8,SAI,Ferrari,11.0,89.294,False,,0.0,,,,,,5.0,10.0,,,3.082207001484488,8.679000000000002,,,2.9514591494904905
2023,8,PER,Red Bull,12.0,80.959,False,,0.0,,,,,,6.0,9.0,,,6.024948132556827,-4.899000000000001,,,4.6475800154489
2023,8,ALB,Williams,9.0,78.725,False,,0.0,,,,,,7.0,6.0,,,2.64575131106459,-4.612000000000009,,,2.718251071716681
2023,8,OCO,Alpine F1 Team,6.0,87.945,False,,0.0,,,,,,8.0,4.0,,,4.868264577855235,5.0589999999999975,,,3.771236166328255
2023,8,STR,Aston Martin,16.0,81.484,False,,0.0,,,,,,9.0,2.0,,,6.418722614352485,-5.802000000000007,,,5.558776843874921
2023,8,BOT,Alfa Romeo,14.0,81.821,False,,0.0,,,,,,10.0,1.0,,,3.847076812334269,-1.5210000000000008,,,3.9384147967311813
2023,8,PIA,McLaren,8.0,91.349,False,,0.0,,,,,,11.0,0.0,,,4.207136793592526,3.3029999999999973,,,3.893013685508385
2023,8,GAS,Alpine F1 Team,15.0,82.886,False,,0.0,,,,,,12.0,0.0,,,3.049590136395381,-5.0589999999999975,,,3.8427420765212275
2023,8,NOR,McLaren,7.0,88.046,False,,0.0,,,,,,13.0,0.0,,,5.079370039680118,-3.3029999999999973,,,4.408325456829765
2023,8,TSU,AlphaTauri,19.0,82.746,False,,0.0,,,,,,14.0,0.0,,,2.073644135332772,-0.3910000000000053,,,3.620926830400073
2023,8,HUL,Haas F1 Team,5.0,87.102,False,,0.0,,,,,,15.0,0.0,,,4.147288270665544,5.424000000000007,,,3.794733192202051
2023,8,ZHO,Alfa Romeo,20.0,83.342,False,,0.0,,,,,,16.0,0.0,,,4.381780460041329,1.5210000000000008,,,4.029061098237818
2023,8,MAG,Haas F1 Team,13.0,81.678,False,,0.0,,,,,,17.0,0.0,,,3.7815340802378064,-5.424000000000007,,,2.633122354417526
2023,8,DEV,AlphaTauri,17.0,83.137,False,,0.0,,,,,,18.0,0.0,,,3.1937438845342627,0.3910000000000053,,,3.368151487751768
2023,8,RUS,Mercedes,4.0,87.893,False,,0.0,,,,,,19.0,0.0,,,6.107372593840988,0.2660000000000053,,,4.605552204797065
2023,8,SAR,Williams,18.0,83.337,False,,0.0,,,,,,20.0,0.0,,,2.0,4.612000000000009,,,3.8887301554906357
2023,9,VER,Red Bull,1.0,64.391,True,1.0,8.0,,,,,,1.0,26.0,,,0.4472135954999578,-62.297,,,4.620004810002307
2023,9,LEC,Ferrari,2.0,64.439,True,12.0,0.0,,,,,,2.0,18.0,,,3.114482300479488,-0.1420000000000101,,,2.282785822435194
2023,9,PER,Red Bull,15.0,126.688,True,2.0,7.0,,,,,,3.0,15.0,,,6.016643582596529,62.297,,,4.696334267868457
2023,9,NOR,McLaren,4.0,64.658,True,9.0,0.0,,,,,,4.0,12.0,,,4.0,-0.9470000000000028,,,3.6040101122068062
2023,9,ALO,Aston Martin,7.0,64.911,True,5.0,4.0,,,,,,5.0,10.0,,,2.073644135332772,0.0180000000000006,,,5.513619500836091
2023,9,SAI,Ferrari,3.0,64.581,True,3.0,6.0,,,,,,6.0,8.0,,,1.3416407864998738,0.1420000000000101,,,2.4404006956964195
2023,9,RUS,Mercedes,11.0,65.428,True,8.0,1.0,,,,,,7.0,6.0,,,6.534523701081816,0.6089999999999947,,,4.939635614091387
2023,9,HAM,Mercedes,5.0,64.819,True,10.0,0.0,,,,,,8.0,4.0,,,1.7888543819998317,-0.6089999999999947,,,4.898979485566356
2023,9,STR,Aston Martin,6.0,64.893,True,4.0,5.0,,,,,,9.0,2.0,,,5.630275304103699,-0.0180000000000006,,,5.457919831665624
2023,9,GAS,Alpine F1 Team,9.0,65.17,True,15.0,0.0,,,,,,10.0,1.0,,,2.863564212655271,-0.2830000000000012,,,3.5339622081862876
2023,9,ALB,Williams,10.0,65.823,True,13.0,0.0,,,,,,11.0,0.0,,,3.435112807463533,-0.125,,,4.164666186436128
2023,9,ZHO,Alfa Romeo,17.0,65.818,True,19.0,0.0,,,,,,12.0,0.0,,,3.781534080237808,0.137999999999991,,,3.5103022978402043
2023,9,SAR,Williams,18.0,65.948,True,18.0,0.0,,,,,,13.0,0.0,,,1.7888543819998317,0.125,,,4.273952113286562
2023,9,OCO,Alpine F1 Team,12.0,65.453,True,7.0,2.0,,,,,,14.0,0.0,,,4.277849927241488,0.2830000000000012,,,3.1622776601683817
2023,9,BOT,Alfa Romeo,14.0,65.68,True,20.0,0.0,,,,,,15.0,0.0,,,4.08656334834051,-0.137999999999991,,,3.717824931626315
2023,9,PIA,McLaren,13.0,65.605,True,11.0,0.0,,,,,,16.0,0.0,,,3.6331804249169903,0.9470000000000028,,,4.452215428550402
2023,9,DEV,AlphaTauri,20.0,65.974,True,17.0,0.0,,,,,,17.0,0.0,,,3.2863353450309973,0.1899999999999977,,,3.3399933466334275
2023,9,MAG,Haas F1 Team,19.0,65.971,True,14.0,0.0,,,,,,18.0,0.0,,,3.7815340802378064,0.8810000000000002,,,2.9608557321603204
2023,9,TSU,AlphaTauri,16.0,65.784,True,16.0,0.0,,,,,,19.0,0.0,,,2.073644135332772,-0.1899999999999977,,,2.8848262031225085
2023,9,HUL,Haas F1 Team,8.0,65.09,True,6.0,3.0,,,,,,20.0,0.0,,,1.0954451150103324,-0.8810000000000002,,,2.633122354417526
2023,10,VER,Red Bull,1.0,86.72,False,,0.0,,,,,,1.0,26.0,,,0.0,-3.2480000000000047,,,4.690415759823431
2023,10,NOR,McLaren,2.0,86.961,False,,0.0,,,,,,2.0,18.0,,,5.5677643628300215,-0.1310000000000002,,,4.5570458267025025
2023,10,HAM,Mercedes,7.0,87.211,False,,0.0,,,,,,3.0,15.0,,,2.4083189157584592,0.0559999999999973,,,4.90917508345343
2023,10,PIA,McLaren,3.0,87.092,False,,0.0,,,,,,4.0,12.0,,,3.7013511046643495,0.1310000000000002,,,5.440588203494179
2023,10,RUS,Mercedes,6.0,87.155,False,,0.0,,,,,,5.0,10.0,,,6.542170893518449,-0.0559999999999973,,,5.006662228138289
2023,10,PER,Red Bull,15.0,89.968,False,,0.0,,,,,,6.0,8.0,,,5.674504383644443,3.2480000000000047,,,4.671426144361294
2023,10,ALO,Aston Martin,9.0,87.659,False,,0.0,,,,,,7.0,6.0,,,2.16794833886788,-1.2759999999999962,,,5.482294734466178
2023,10,ALB,Williams,8.0,87.53,False,,0.0,,,,,,8.0,4.0,,,3.507135583350036,-1.5010000000000048,,,4.347413023856832
2023,10,LEC,Ferrari,4.0,87.136,False,,0.0,,,,,,9.0,2.0,,,3.391164991562634,-0.0120000000000004,,,2.4244128727957603
2023,10,SAI,Ferrari,5.0,87.148,False,,0.0,,,,,,10.0,1.0,,,1.3038404810405295,0.0120000000000004,,,2.6012817353502258
2023,10,SAR,Williams,14.0,89.031,False,,0.0,,,,,,11.0,0.0,,,3.03315017762062,1.5010000000000048,,,4.922736366426028
2023,10,BOT,Alfa Romeo,20.0,89.798,False,,0.0,,,,,,12.0,0.0,,,3.5777087639996634,-0.3250000000000028,,,3.0983866769659363
2023,10,HUL,Haas F1 Team,11.0,88.896,False,,0.0,,,,,,13.0,0.0,,,2.190890230020665,-3.482,,,2.836272984824345
2023,10,STR,Aston Martin,12.0,88.935,False,,0.0,,,,,,14.0,0.0,,,5.357238094391549,1.2759999999999962,,,5.258854966202774
2023,10,ZHO,Alfa Romeo,17.0,90.123,False,,0.0,,,,,,15.0,0.0,,,2.949576240750525,0.3250000000000028,,,3.128720008068621
2023,10,TSU,AlphaTauri,16.0,90.025,False,,0.0,,,,,,16.0,0.0,,,3.114482300479488,-0.4879999999999995,,,2.7668674625929524
2023,10,DEV,AlphaTauri,18.0,90.513,False,,0.0,,,,,,17.0,0.0,,,2.683281572999748,0.4879999999999995,,,2.867441755680877
2023,10,GAS,Alpine F1 Team,10.0,87.689,False,,0.0,,,,,,18.0,0.0,,,1.949358868961793,-1.26700000000001,,,2.9608557321603293
2023,10,MAG,Haas F1 Team,19.0,92.378,False,,0.0,,,,,,19.0,0.0,,,3.646916505762093,3.482,,,3.0110906108363165
2023,10,OCO,Alpine F1 Team,13.0,88.956,False,,0.0,,,,,,20.0,0.0,,,3.9115214431215897,1.26700000000001,,,4.094712037087184
2023,11,VER,Red Bull,2.0,76.612,False,,0.0,,,,,,1.0,26.0,,,0.0,-0.4330000000000069,,,2.0575065816014635
2023,11,NOR,McLaren,3.0,76.694,False,,0.0,,,,,,2.0,18.0,,,6.2048368229954285,-0.2109999999999985,,,5.173651192984184
2023,11,PER,Red Bull,9.0,77.045,False,,0.0,,,,,,3.0,15.0,,,5.196152422706632,0.4330000000000069,,,4.690415759823431
2023,11,HAM,Mercedes,1.0,76.609,False,,0.0,,,,,,4.0,12.0,,,2.345207879911715,-2.4180000000000064,,,4.976611966656297
2023,11,PIA,McLaren,4.0,76.905,False,,0.0,,,,,,5.0,10.0,,,4.43846820423443,0.2109999999999985,,,5.750362307426086
2023,11,RUS,Mercedes,18.0,79.027,False,,0.0,,,,,,6.0,8.0,,,6.418722614352484,2.4180000000000064,,,4.976611966656297
2023,11,LEC,Ferrari,6.0,76.992,False,,0.0,,,,,,7.0,6.0,,,3.646916505762094,-0.7109999999999985,,,2.8362729848243564
2023,11,SAI,Ferrari,11.0,77.703,False,,0.0,,,,,,8.0,4.0,,,2.16794833886788,0.7109999999999985,,,2.830390628713841
2023,11,ALO,Aston Martin,8.0,77.035,False,,0.0,,,,,,9.0,2.0,,,2.5099800796022267,-1.1090000000000089,,,5.466056876558988
2023,11,STR,Aston Martin,14.0,78.144,False,,0.0,,,,,,10.0,1.0,,,5.504543577809154,1.1090000000000089,,,5.028805910838964
2023,11,ALB,Williams,16.0,78.917,False,,0.0,,,,,,11.0,0.0,,,3.8340579025361614,-0.331000000000003,,,4.661902329879224
2023,11,BOT,Alfa Romeo,7.0,77.034,False,,0.0,,,,,,12.0,0.0,,,3.6469165057620936,0.0630000000000023,,,3.0477678535099932
2023,11,RIC,AlphaTauri,13.0,78.002,False,,0.0,,,,,,13.0,0.0,,,,-0.9170000000000016,,,2.412928142780516
2023,11,HUL,Haas F1 Team,10.0,77.186,False,,0.0,,,,,,14.0,0.0,,,2.645751311064591,-2.019999999999996,,,2.18326971917503
2023,11,TSU,AlphaTauri,17.0,78.919,False,,0.0,,,,,,15.0,0.0,,,2.5884358211089573,0.9170000000000016,,,2.2730302828309776
2023,11,ZHO,Alfa Romeo,5.0,76.971,False,,0.0,,,,,,16.0,0.0,,,2.73861278752583,-0.0630000000000023,,,2.983286778035263
2023,11,MAG,Haas F1 Team,19.0,79.206,False,,0.0,,,,,,17.0,0.0,,,0.8366600265340736,2.019999999999996,,,2.3944379994757194
2023,11,SAR,Williams,20.0,79.248,False,,0.0,,,,,,18.0,0.0,,,4.159326868617084,0.331000000000003,,,4.743416490252569
2023,11,OCO,Alpine F1 Team,12.0,77.841,False,,0.0,,,,,,19.0,0.0,,,6.542170893518451,-0.3760000000000048,,,5.65783625700772
2023,11,GAS,Alpine F1 Team,15.0,78.217,False,,0.0,,,,,,20.0,0.0,,,4.098780306383839,0.3760000000000048,,,5.163977794943223
2023,12,VER,Red Bull,6.0,106.168,True,1.0,8.0,,,,,,1.0,25.0,,,0.0,-0.8769999999999953,,,2.013840995599097
2023,12,PER,Red Bull,2.0,107.045,True,19.0,0.0,,,,,,2.0,18.0,,,1.5165750888103111,0.8769999999999953,,,2.0575065816014635
2023,12,LEC,Ferrari,1.0,106.988,True,5.0,4.0,,,,,,3.0,15.0,,,3.646916505762094,-0.1640000000000014,,,2.830390628713841
2023,12,HAM,Mercedes,3.0,107.087,True,7.0,2.0,,,,,,4.0,13.0,,,2.345207879911715,-0.7180000000000035,,,4.966554808583779
2023,12,ALO,Aston Martin,9.0,107.843,True,20.0,0.0,,,,,,5.0,10.0,,,2.6457513110645907,-0.9979999999999905,,,3.224903099319424
2023,12,RUS,Mercedes,8.0,107.805,True,8.0,1.0,,,,,,6.0,8.0,,,6.324555320336757,0.7180000000000035,,,4.825856285561028
2023,12,NOR,McLaren,7.0,107.669,True,6.0,3.0,,,,,,7.0,6.0,,,6.9498201415576215,0.304000000000002,,,5.888784066153026
2023,12,OCO,Alpine F1 Team,14.0,116.372,True,9.0,0.0,,,,,,8.0,4.0,,,5.761944116355173,2.7009999999999934,,,4.876246279442599
2023,12,STR,Aston Martin,10.0,108.841,True,11.0,0.0,,,,,,9.0,2.0,,,2.8809720581775866,0.9979999999999905,,,3.3399933466334306
2023,12,TSU,AlphaTauri,11.0,113.148,True,18.0,0.0,,,,,,10.0,1.0,,,2.5884358211089573,-9.01100000000001,,,2.2135943621178678
2023,12,GAS,Alpine F1 Team,12.0,113.671,True,3.0,6.0,,,,,,11.0,0.0,,,4.690415759823429,-2.7009999999999934,,,4.954235000930462
2023,12,BOT,Alfa Romeo,13.0,114.694,True,13.0,0.0,,,,,,12.0,0.0,,,3.507135583350036,-6.137999999999991,,,3.098386676965936
2023,12,ZHO,Alfa Romeo,17.0,120.832,True,15.0,0.0,,,,,,13.0,0.0,,,3.049590136395381,6.137999999999991,,,2.469817807045701
2023,12,ALB,Williams,15.0,120.314,True,12.0,0.0,,,,,,14.0,0.0,,,3.507135583350036,-1.2210000000000036,,,4.743416490252569
2023,12,MAG,Haas F1 Team,16.0,114.16,True,14.0,0.0,,,,,,15.0,0.0,,,0.8366600265340736,-9.006,,,2.2335820757001157
2023,12,RIC,AlphaTauri,19.0,122.159,True,10.0,0.0,,,,,,16.0,0.0,,,,9.01100000000001,,,2.2730302828309776
2023,12,SAR,Williams,18.0,121.535,True,16.0,0.0,,,,,,17.0,0.0,,,4.159326868617084,1.2210000000000036,,,4.6678569910494145
2023,12,HUL,Haas F1 Team,20.0,123.166,True,17.0,0.0,,,,,,18.0,0.0,,,2.70185121722126,9.006,,,2.2705848487901763
2023,12,SAI,Ferrari,4.0,107.152,True,4.0,5.0,,,,,,19.0,0.0,,,2.16794833886788,0.1640000000000014,,,2.6012817353502258
2023,12,PIA,McLaren,5.0,107.365,True,2.0,7.0,,,,,,20.0,0.0,,,5.167204273105526,-0.304000000000002,,,5.1218486246016015
2023,13,VER,Red Bull,1.0,70.567,False,,0.0,,,,,,1.0,25.0,,,0.0,-1.3130000000000024,,,1.702938636592642
2023,13,ALO,Aston Martin,5.0,71.506,False,,0.0,,,,,,2.0,19.0,,,2.6076809620810595,-8.614999999999995,,,3.314949304120489
2023,13,GAS,Alpine F1 Team,12.0,80.128,False,,0.0,,,,,,3.0,15.0,,,4.4944410108488455,-1.9819999999999995,,,4.876246279442599
2023,13,PER,Red Bull,7.0,71.88,False,,0.0,,,,,,4.0,12.0,,,1.870828693386972,1.3130000000000024,,,2.013840995599097
2023,13,SAI,Ferrari,6.0,71.754,False,,0.0,,,,,,5.0,10.0,,,5.594640292279746,-0.9110000000000014,,,5.921711464320657
2023,13,HAM,Mercedes,13.0,80.151,False,,0.0,,,,,,6.0,8.0,,,2.0736441353327724,8.857,,,4.6963342678684565
2023,13,NOR,McLaren,2.0,71.104,False,,0.0,,,,,,7.0,6.0,,,4.61519230368573,-0.8340000000000032,,,6.275171533733382
2023,13,ALB,Williams,4.0,71.419,False,,0.0,,,,,,8.0,4.0,,,2.774887385102321,-5.329000000000008,,,4.268749491621899
2023,13,PIA,McLaren,8.0,71.938,False,,0.0,,,,,,9.0,2.0,,,6.906518659932803,0.8340000000000032,,,6.069962474714685
2023,13,OCO,Alpine F1 Team,16.0,82.11,False,,0.0,,,,,,10.0,1.0,,,5.761944116355173,1.9819999999999995,,,5.989806155275626
2023,13,STR,Aston Martin,11.0,80.121,False,,0.0,,,,,,11.0,0.0,,,2.1679483388678804,8.614999999999995,,,3.314949304120489
2023,13,HUL,Haas F1 Team,14.0,80.25,False,,0.0,,,,,,12.0,0.0,,,2.915475947422651,-1.941999999999993,,,2.2705848487901767
2023,13,LAW,AlphaTauri,19.0,83.42,False,,0.0,,,,,,13.0,0.0,,,,3.1899999999999977,,,2.635231383473651
2023,13,BOT,Alfa Romeo,18.0,82.26,False,,0.0,,,,,,14.0,0.0,,,1.7888543819998308,0.193000000000012,,,2.0575065816014675
2023,13,TSU,AlphaTauri,17.0,80.23,False,,0.0,,,,,,15.0,0.0,,,3.271085446759226,-3.1899999999999977,,,2.581988897471613
2023,13,MAG,Haas F1 Team,0.0,82.192,False,,0.0,,,,,,16.0,0.0,,,1.4832396974191313,1.941999999999993,,,2.6687491868330717
2023,13,RUS,Mercedes,3.0,71.294,False,,0.0,,,,,,17.0,0.0,,,5.856620185738527,-8.857,,,4.541169697580373
2023,13,ZHO,Alfa Romeo,15.0,82.067,False,,0.0,,,,,,18.0,0.0,,,1.8165902124584947,-0.193000000000012,,,1.7029386365926427
2023,13,LEC,Ferrari,9.0,72.665,False,,0.0,,,,,,19.0,0.0,,,2.9154759474226504,0.9110000000000014,,,4.854551129266916
2023,13,SAR,Williams,10.0,76.748,False,,0.0,,,,,,20.0,0.0,,,3.7013511046643486,5.329000000000008,,,4.121757985239902
2023,14,VER,Red Bull,2.0,80.307,False,,0.0,,,,,,1.0,25.0,,,0.0,-0.3810000000000002,,,1.6865480854231374
2023,14,PER,Red Bull,5.0,80.688,False,,0.0,,,,,,2.0,18.0,,,1.5165750888103111,0.3810000000000002,,,1.702938636592642
2023,14,SAI,Ferrari,1.0,80.294,False,,0.0,,,,,,3.0,15.0,,,5.594640292279746,-0.0670000000000072,,,5.696002496878357
2023,14,LEC,Ferrari,3.0,80.361,False,,0.0,,,,,,4.0,12.0,,,6.782329983125268,0.0670000000000072,,,5.921711464320657
2023,14,RUS,Mercedes,4.0,80.671,False,,0.0,,,,,,5.0,10.0,,,4.969909455915669,-0.1489999999999867,,,3.921450978627397
2023,14,HAM,Mercedes,8.0,80.82,False,,0.0,,,,,,6.0,8.0,,,2.0,0.1489999999999867,,,3.949683531626299
2023,14,ALB,Williams,6.0,80.76,False,,0.0,,,,,,7.0,6.0,,,2.5099800796022262,-1.1839999999999975,,,4.121757985239902
2023,14,NOR,McLaren,9.0,80.979,False,,0.0,,,,,,8.0,4.0,,,2.5099800796022262,0.1940000000000026,,,5.985166849990249
2023,14,ALO,Aston Martin,10.0,81.417,False,,0.0,,,,,,9.0,2.0,,,2.6076809620810595,-1.4429999999999978,,,3.446415206816759
2023,14,BOT,Alfa Romeo,14.0,81.94,False,,0.0,,,,,,10.0,1.0,,,1.414213562373094,-0.4500000000000028,,,2.078995483935024
2023,14,LAW,AlphaTauri,12.0,81.758,False,,0.0,,,,,,11.0,0.0,,,,0.1640000000000014,,,2.5582111805799874
2023,14,PIA,McLaren,7.0,80.785,False,,0.0,,,,,,12.0,0.0,,,6.978538528947161,-0.1940000000000026,,,5.849976258261413
2023,14,SAR,Williams,15.0,81.944,False,,0.0,,,,,,13.0,0.0,,,3.7013511046643486,1.1839999999999975,,,4.522781838156198
2023,14,ZHO,Alfa Romeo,16.0,82.39,False,,0.0,,,,,,14.0,0.0,,,2.3874672772626644,0.4500000000000028,,,2.3664319132398504
2023,14,GAS,Alpine F1 Team,17.0,82.545,False,,0.0,,,,,,15.0,0.0,,,6.8044103344816,-0.0030000000000001,,,5.831904586934796
2023,14,STR,Aston Martin,20.0,82.86,False,,0.0,,,,,,16.0,0.0,,,2.0736441353327724,1.4429999999999978,,,3.2744804507314207
2023,14,HUL,Haas F1 Team,13.0,81.776,False,,0.0,,,,,,17.0,0.0,,,3.4351128074635344,-0.8160000000000025,,,2.658320271650244
2023,14,MAG,Haas F1 Team,19.0,82.592,False,,0.0,,,,,,18.0,0.0,,,1.5811388300841889,0.8160000000000025,,,2.330951164939605
2023,14,OCO,Alpine F1 Team,18.0,82.548,False,,0.0,,,,,,19.0,0.0,,,5.310367218940701,0.0030000000000001,,,5.7310072800899885
2023,14,TSU,AlphaTauri,11.0,81.594,False,,0.0,,,,,,20.0,0.0,,,3.24037034920393,-0.1640000000000014,,,2.7588242262078095
2023,15,SAI,Ferrari,1.0,90.984,False,,0.0,,,,,,1.0,25.0,,,6.2048368229954285,-0.0790000000000077,,,6.12463150818979
2023,15,NOR,McLaren,4.0,91.27,False,,0.0,,,,,,2.0,18.0,,,2.949576240750525,-1.632000000000005,,,5.358275012642697
2023,15,HAM,Mercedes,5.0,91.485,False,,0.0,,,,,,3.0,16.0,,,1.3416407864998738,0.429000000000002,,,3.93841479673118
2023,15,LEC,Ferrari,3.0,91.063,False,,0.0,,,,,,4.0,12.0,,,6.387487769068525,0.0790000000000077,,,5.945119380167607
2023,15,VER,Red Bull,11.0,92.173,False,,0.0,,,,,,5.0,10.0,,,0.0,-0.1370000000000004,,,2.221110833194359
2023,15,GAS,Alpine F1 Team,12.0,92.274,False,,0.0,,,,,,6.0,8.0,,,6.730527468185536,0.6009999999999991,,,5.963779562212765
2023,15,PIA,McLaren,17.0,92.902,False,,0.0,,,,,,7.0,6.0,,,6.442049363362563,1.632000000000005,,,5.358275012642697
2023,15,PER,Red Bull,13.0,92.31,False,,0.0,,,,,,8.0,4.0,,,1.673320053068152,0.1370000000000004,,,1.6865480854231374
2023,15,LAW,AlphaTauri,10.0,92.268,False,,0.0,,,,,,9.0,2.0,,,,0.277000000000001,,,2.9514591494904887
2023,15,MAG,Haas F1 Team,6.0,91.575,False,,0.0,,,,,,10.0,1.0,,,1.5811388300841889,-0.2330000000000041,,,2.330951164939605
2023,15,ALB,Williams,14.0,93.719,False,,0.0,,,,,,11.0,0.0,,,2.880972058177586,0.4669999999999987,,,4.522781838156198
2023,15,ZHO,Alfa Romeo,19.0,93.258,False,,0.0,,,,,,12.0,0.0,,,1.923538406167134,0.448999999999998,,,2.4698178070456933
2023,15,HUL,Haas F1 Team,9.0,91.808,False,,0.0,,,,,,13.0,0.0,,,2.5884358211089578,0.2330000000000041,,,2.330951164939605
2023,15,SAR,Williams,18.0,93.252,False,,0.0,,,,,,14.0,0.0,,,3.701351104664349,-0.4669999999999987,,,4.268749491621899
2023,15,ALO,Aston Martin,7.0,91.615,False,,0.0,,,,,,15.0,0.0,,,2.9664793948382653,-1.782000000000011,,,4.04969134626332
2023,15,RUS,Mercedes,2.0,91.056,False,,0.0,,,,,,16.0,0.0,,,5.167204273105524,-0.429000000000002,,,3.93841479673118
2023,15,BOT,Alfa Romeo,16.0,92.809,False,,0.0,,,,,,17.0,0.0,,,1.414213562373094,-0.448999999999998,,,2.3190036174568145
2023,15,OCO,Alpine F1 Team,8.0,91.673,False,,0.0,,,,,,18.0,0.0,,,5.718391382198319,-0.6009999999999991,,,6.332456079595025
2023,15,TSU,AlphaTauri,15.0,91.991,False,,0.0,,,,,,19.0,0.0,,,3.5637059362410928,-0.277000000000001,,,3.2930904093942592
2023,15,STR,Aston Martin,0.0,93.397,False,,0.0,,,,,,20.0,0.0,,,2.9154759474226504,1.782000000000011,,,4.34613493680177
2023,16,VER,Red Bull,1.0,88.877,False,,0.0,,,,,,1.0,26.0,,,1.7888543819998317,-0.7730000000000103,,,5.6213877290220795
2023,16,NOR,McLaren,3.0,89.493,False,,0.0,,,,,,2.0,18.0,,,2.949576240750525,0.0349999999999965,,,5.216427044549851
2023,16,PIA,McLaren,2.0,89.458,False,,0.0,,,,,,3.0,15.0,,,5.856620185738529,-0.0349999999999965,,,5.216427044549851
2023,16,LEC,Ferrari,4.0,89.542,False,,0.0,,,,,,4.0,12.0,,,6.655824516917495,-0.3079999999999927,,,6.48159788255266
2023,16,HAM,Mercedes,7.0,89.908,False,,0.0,,,,,,5.0,10.0,,,1.3416407864998738,-0.3109999999999928,,,4.96767327606977
2023,16,SAI,Ferrari,6.0,89.85,False,,0.0,,,,,,6.0,8.0,,,7.085195833567341,0.3079999999999927,,,6.5659052011974035
2023,16,RUS,Mercedes,8.0,90.219,False,,0.0,,,,,,7.0,6.0,,,5.958187643906491,0.3109999999999928,,,4.90351347958221
2023,16,ALO,Aston Martin,10.0,90.56,False,,0.0,,,,,,8.0,4.0,,,4.898979485566356,-0.6209999999999951,,,5.274677451960666
2023,16,OCO,Alpine F1 Team,14.0,90.586,False,,0.0,,,,,,9.0,2.0,,,5.357238094391549,0.0769999999999981,,,5.626327003965869
2023,16,GAS,Alpine F1 Team,12.0,90.509,False,,0.0,,,,,,10.0,1.0,,,6.819090848492928,-0.0769999999999981,,,6.118278625016463
2023,16,LAW,AlphaTauri,11.0,90.508,False,,0.0,,,,,,11.0,0.0,,,,0.2049999999999983,,,3.634709219609062
2023,16,TSU,AlphaTauri,9.0,90.303,False,,0.0,,,,,,12.0,0.0,,,3.9623225512317903,-0.2049999999999983,,,3.7549966711037186
2023,16,ZHO,Alfa Romeo,19.0,91.398,False,,0.0,,,,,,13.0,0.0,,,2.408318915758459,0.3489999999999895,,,3.0983866769659305
2023,16,HUL,Haas F1 Team,18.0,91.299,False,,0.0,,,,,,14.0,0.0,,,2.5884358211089578,0.6340000000000003,,,2.708012801545319
2023,16,MAG,Haas F1 Team,15.0,90.665,False,,0.0,,,,,,15.0,0.0,,,3.114482300479487,-0.6340000000000003,,,2.708012801545319
2023,16,ALB,Williams,13.0,90.537,False,,0.0,,,,,,16.0,0.0,,,2.774887385102321,,,,4.217687623436436
2023,16,SAR,Williams,20.0,,False,,0.0,,,,,,17.0,0.0,,,2.8809720581775857,,,,4.211096452627669
2023,16,STR,Aston Martin,17.0,91.181,False,,0.0,,,,,,18.0,0.0,,,4.658325879540847,0.6209999999999951,,,5.317685377847942
2023,16,PER,Red Bull,5.0,89.65,False,,0.0,,,,,,19.0,0.0,,,2.4899799195977472,0.7730000000000103,,,2.29975844142138
2023,16,BOT,Alfa Romeo,16.0,91.049,False,,0.0,,,,,,20.0,0.0,,,2.6457513110645903,-0.3489999999999895,,,2.529822128134705
2023,17,VER,Red Bull,1.0,83.778,True,2.0,7.0,,,,,,1.0,26.0,,,1.7888543819998317,-1.6839999999999975,,,5.808040403899868
2023,17,PIA,McLaren,6.0,84.54,True,1.0,8.0,,,,,,2.0,18.0,,,6.3796551630946325,-0.144999999999996,,,5.578729445153456
2023,17,NOR,McLaren,10.0,84.685,True,3.0,6.0,,,,,,3.0,15.0,,,2.949576240750525,0.144999999999996,,,5.375872022286242
2023,17,RUS,Mercedes,2.0,84.219,True,4.0,5.0,,,,,,4.0,12.0,,,5.805170109479996,-0.0860000000000127,,,5.887840577551895
2023,17,LEC,Ferrari,5.0,84.424,True,12.0,0.0,,,,,,5.0,10.0,,,6.833739825307955,-0.9039999999999964,,,6.5625198412398476
2023,17,ALO,Aston Martin,4.0,84.369,True,8.0,1.0,,,,,,6.0,8.0,,,4.868264577855234,-1.975999999999999,,,5.812821078348183
2023,17,OCO,Alpine F1 Team,8.0,84.763,True,17.0,0.0,,,,,,7.0,6.0,,,5.263078946776307,0.2100000000000079,,,5.099019513592784
2023,17,BOT,Alfa Romeo,9.0,85.058,True,10.0,0.0,,,,,,8.0,4.0,,,3.974921382870358,-2.3739999999999952,,,3.0930028559098774
2023,17,ZHO,Alfa Romeo,19.0,87.432,True,15.0,0.0,,,,,,9.0,2.0,,,2.3452078799117144,2.3739999999999952,,,3.634709219609062
2023,17,PER,Red Bull,20.0,85.462,True,18.0,0.0,,,,,,10.0,1.0,,,7.14142842854285,1.6839999999999975,,,5.6213877290220795
2023,17,STR,Aston Martin,16.0,86.345,True,13.0,0.0,,,,,,11.0,0.0,,,4.658325879540847,1.975999999999999,,,5.699902533279752
2023,17,GAS,Alpine F1 Team,7.0,84.553,True,9.0,0.0,,,,,,12.0,0.0,,,4.636809247747852,-0.2100000000000079,,,5.087020520675906
2023,17,ALB,Williams,13.0,85.707,True,7.0,2.0,,,,,,13.0,0.0,,,3.8340579025361614,-0.5030000000000001,,,4.110960958218894
2023,17,MAG,Haas F1 Team,18.0,87.046,True,14.0,0.0,,,,,,14.0,0.0,,,2.949576240750524,1.2630000000000052,,,2.4129281427805154
2023,17,TSU,AlphaTauri,11.0,85.301,True,11.0,0.0,,,,,,15.0,0.0,,,4.324349662087931,-1.3340000000000032,,,3.860051813123757
2023,17,HUL,Haas F1 Team,14.0,85.783,True,16.0,0.0,,,,,,16.0,0.0,,,2.5884358211089578,-1.2630000000000052,,,2.6161889160464775
2023,17,LAW,AlphaTauri,17.0,86.635,True,20.0,0.0,,,,,,17.0,0.0,,,,1.3340000000000032,,,3.7771241264574127
2023,17,SAR,Williams,15.0,86.21,True,19.0,0.0,,,,,,18.0,0.0,,,2.7748873851023204,0.5030000000000001,,,4.115013163202925
2023,17,HAM,Mercedes,3.0,84.305,True,5.0,4.0,,,,,,19.0,0.0,,,1.30384048104053,0.0860000000000127,,,4.881939505292268
2023,17,SAI,Ferrari,12.0,85.328,True,6.0,3.0,,,,,,20.0,0.0,,,7.085195833567341,0.9039999999999964,,,6.4635731432217725
2023,18,VER,Red Bull,6.0,95.081,True,1.0,8.0,,,,,,1.0,25.0,,,1.7888543819998317,-0.0919999999999987,,,5.808040403899868
2023,18,NOR,McLaren,2.0,94.853,True,4.0,5.0,,,,,,2.0,18.0,,,2.880972058177586,-0.6140000000000043,,,3.5668224265054413
2023,18,SAI,Ferrari,4.0,94.945,True,6.0,3.0,,,,,,3.0,15.0,,,7.516648189186455,0.2219999999999942,,,6.876691711054735
2023,18,PER,Red Bull,9.0,95.173,True,5.0,4.0,,,,,,4.0,12.0,,,6.618156843109719,0.0919999999999987,,,5.808040403899868
2023,18,RUS,Mercedes,5.0,95.079,True,8.0,1.0,,,,,,5.0,10.0,,,6.220932405998315,0.2169999999999987,,,6.723920813863818
2023,18,GAS,Alpine F1 Team,7.0,95.089,True,7.0,2.0,,,,,,6.0,8.0,,,4.764451699828638,-0.0649999999999977,,,5.173651192984182
2023,18,STR,Aston Martin,20.0,96.589,True,20.0,0.0,,,,,,7.0,6.0,,,4.08656334834051,0.3209999999999979,,,4.642796092394712
2023,18,TSU,AlphaTauri,11.0,95.697,True,14.0,0.0,,,,,,8.0,5.0,,,3.271085446759226,-0.277000000000001,,,3.6270588023294525
2023,18,ALB,Williams,15.0,96.315,True,9.0,0.0,,,,,,9.0,2.0,,,3.674234614174767,-0.5120000000000005,,,4.217687623436436
2023,18,SAR,Williams,16.0,96.827,True,19.0,0.0,,,,,,10.0,1.0,,,2.8809720581775857,0.5120000000000005,,,4.077035960378843
2023,18,HUL,Haas F1 Team,18.0,96.235,True,15.0,0.0,,,,,,11.0,0.0,,,2.0736441353327733,0.355000000000004,,,2.415229457698241
2023,18,BOT,Alfa Romeo,13.0,95.858,True,16.0,0.0,,,,,,12.0,0.0,,,4.919349550499537,0.1600000000000108,,,3.9510898637099015
2023,18,ZHO,Alfa Romeo,12.0,95.698,True,17.0,0.0,,,,,,13.0,0.0,,,3.271085446759225,-0.1600000000000108,,,3.9735234853828296
2023,18,MAG,Haas F1 Team,17.0,95.88,True,18.0,0.0,,,,,,14.0,0.0,,,2.9664793948382644,-0.355000000000004,,,2.5473297566057083
2023,18,RIC,AlphaTauri,14.0,95.974,True,12.0,0.0,,,,,,15.0,0.0,,,,0.277000000000001,,,3.6453928305312853
2023,18,ALO,Aston Martin,19.0,96.268,True,13.0,0.0,,,,,,16.0,0.0,,,4.743416490252569,-0.3209999999999979,,,5.641118880348318
2023,18,PIA,McLaren,10.0,95.467,True,10.0,0.0,,,,,,17.0,0.0,,,4.159326868617084,0.6140000000000043,,,3.681787005729078
2023,18,OCO,Alpine F1 Team,8.0,95.154,True,11.0,0.0,,,,,,18.0,0.0,,,5.504543577809153,0.0649999999999977,,,4.732863826479692
2023,18,HAM,Mercedes,3.0,94.862,True,2.0,7.0,,,,,,19.0,0.0,,,6.379655163094632,-0.2169999999999987,,,6.03324125159934
2023,18,LEC,Ferrari,1.0,94.723,True,3.0,6.0,,,,,,20.0,0.0,,,6.610597552415364,-0.2219999999999942,,,6.674162452656097
2023,19,VER,Red Bull,3.0,77.263,False,,0.0,,,,,,1.0,25.0,,,1.7888543819998317,-0.1599999999999966,,,7.302967433402215
2023,19,HAM,Mercedes,6.0,77.454,False,,0.0,,,,,,2.0,19.0,,,7.92464510246358,-0.220000000000013,,,6.419588079550827
2023,19,LEC,Ferrari,1.0,77.166,False,,0.0,,,,,,3.0,15.0,,,7.05691150575094,-0.0670000000000072,,,6.976149845485451
2023,19,SAI,Ferrari,2.0,77.233,False,,0.0,,,,,,4.0,12.0,,,7.700649323271382,0.0670000000000072,,,7.030884249746496
2023,19,NOR,McLaren,17.0,81.554,False,,0.0,,,,,,5.0,10.0,,,2.6076809620810586,3.930999999999997,,,5.202563470700441
2023,19,RUS,Mercedes,8.0,77.674,False,,0.0,,,,,,6.0,8.0,,,4.9295030175464944,0.220000000000013,,,6.737127643802577
2023,19,RIC,AlphaTauri,4.0,77.382,False,,0.0,,,,,,7.0,6.0,,,,-1.5079999999999956,,,4.1379007023153935
2023,19,PIA,McLaren,7.0,77.623,False,,0.0,,,,,,8.0,4.0,,,6.300793600809346,-3.930999999999997,,,5.147815070493495
2023,19,ALB,Williams,14.0,79.147,False,,0.0,,,,,,9.0,2.0,,,3.492849839314596,,,,3.5839146815241634
2023,19,OCO,Alpine F1 Team,15.0,79.08,False,,0.0,,,,,,10.0,1.0,,,5.718391382198319,0.5589999999999975,,,5.059644256269406
2023,19,GAS,Alpine F1 Team,11.0,78.521,False,,0.0,,,,,,11.0,0.0,,,3.898717737923586,-0.5589999999999975,,,5.163977794943222
2023,19,TSU,AlphaTauri,18.0,78.89,False,,0.0,,,,,,12.0,0.0,,,4.969909455915671,1.5079999999999956,,,4.59589188539311
2023,19,HUL,Haas F1 Team,12.0,78.524,False,,0.0,,,,,,13.0,0.0,,,2.387467277262665,-0.6389999999999958,,,2.485513584307636
2023,19,ZHO,Alfa Romeo,10.0,78.05,False,,0.0,,,,,,14.0,0.0,,,1.9235384061671337,0.0180000000000006,,,3.5292429153510496
2023,19,BOT,Alfa Romeo,9.0,78.032,False,,0.0,,,,,,15.0,0.0,,,4.979959839195493,-0.0180000000000006,,,3.614784456460261
2023,19,SAR,Williams,19.0,,False,,0.0,,,,,,16.0,0.0,,,3.2093613071762404,,,,3.2659863237109046
2023,19,STR,Aston Martin,0.0,79.227,False,,0.0,,,,,,17.0,0.0,,,5.319774431308155,0.4890000000000043,,,5.08265022732564
2023,19,ALO,Aston Martin,13.0,78.738,False,,0.0,,,,,,18.0,0.0,,,4.43846820423443,-0.4890000000000043,,,4.993328882953072
2023,19,MAG,Haas F1 Team,16.0,79.163,False,,0.0,,,,,,19.0,0.0,,,2.8635642126552696,0.6389999999999958,,,2.299758441421384
2023,19,PER,Red Bull,5.0,77.423,False,,0.0,,,,,,20.0,0.0,,,6.618156843109719,0.1599999999999966,,,5.808040403899868
2023,20,VER,Red Bull,1.0,70.727,True,1.0,8.0,,,,,,1.0,25.0,,,1.7888543819998317,-1.593999999999994,,,7.351492667781453
2023,20,NOR,McLaren,6.0,71.987,True,2.0,7.0,,,,,,2.0,19.0,,,1.303840481040528,1.6569999999999965,,,4.724639903973864
2023,20,ALO,Aston Martin,4.0,71.387,True,11.0,0.0,,,,,,3.0,15.0,,,5.272570530585627,0.0430000000000063,,,5.146735750831681
2023,20,PER,Red Bull,9.0,72.321,True,3.0,6.0,,,,,,4.0,12.0,,,7.014271166700073,1.593999999999994,,,7.302967433402215
2023,20,STR,Aston Martin,3.0,71.344,True,12.0,0.0,,,,,,5.0,10.0,,,5.412947441089743,-0.0430000000000063,,,6.095535707019983
2023,20,SAI,Ferrari,7.0,71.989,True,8.0,1.0,,,,,,6.0,8.0,,,7.5960516059331775,0.9680000000000036,,,7.974960814950756
2023,20,GAS,Alpine F1 Team,15.0,70.567,True,13.0,0.0,,,,,,7.0,6.0,,,2.8284271247461903,0.0049999999999954,,,4.347413023856829
2023,20,HAM,Mercedes,5.0,71.469,True,7.0,2.0,,,,,,8.0,4.0,,,8.648699324175862,-0.1210000000000093,,,6.686636756330575
2023,20,TSU,AlphaTauri,16.0,70.837,True,6.0,3.0,,,,,,9.0,2.0,,,4.08656334834051,-0.0060000000000002,,,3.7549966711037186
2023,20,OCO,Alpine F1 Team,14.0,70.562,True,14.0,0.0,,,,,,10.0,1.0,,,5.224940191045252,-0.0049999999999954,,,4.237399621885518
2023,20,SAR,Williams,19.0,71.035,True,20.0,0.0,,,,,,11.0,0.0,,,3.1622776601683777,0.1949999999999931,,,3.7252889522529373
2023,20,HUL,Haas F1 Team,11.0,70.547,True,18.0,0.0,,,,,,12.0,0.0,,,1.816590212458496,-0.1760000000000019,,,2.5144029554194858
2023,20,RIC,AlphaTauri,17.0,70.843,True,9.0,0.0,,,,,,13.0,0.0,,,,0.0060000000000002,,,3.9510898637099006
2023,20,PIA,McLaren,10.0,70.33,True,10.0,0.0,,,,,,14.0,0.0,,,5.941380311005179,-1.6569999999999965,,,4.724639903973864
2023,20,RUS,Mercedes,8.0,71.59,True,4.0,5.0,,,,,,15.0,0.0,,,4.827007354458867,0.1210000000000093,,,6.4022565466317305
2023,20,BOT,Alfa Romeo,18.0,70.955,True,19.0,0.0,,,,,,16.0,0.0,,,4.61519230368573,-0.3200000000000074,,,3.5292429153510496
2023,20,ZHO,Alfa Romeo,20.0,71.275,True,17.0,0.0,,,,,,17.0,0.0,,,1.9235384061671337,0.3200000000000074,,,3.4253953543107047
2023,20,MAG,Haas F1 Team,12.0,70.723,True,16.0,0.0,,,,,,18.0,0.0,,,3.2093613071762417,0.1760000000000019,,,2.5733678754158427
2023,20,ALB,Williams,13.0,70.84,True,15.0,0.0,,,,,,19.0,0.0,,,2.966479394838265,-0.1949999999999931,,,3.4009802508492566
2023,20,LEC,Ferrari,2.0,71.021,True,5.0,4.0,,,,,,20.0,0.0,,,7.19027120489902,-0.9680000000000036,,,6.976149845485451
2023,21,VER,Red Bull,2.0,,False,,0.0,,,,,,1.0,25.0,,,0.0,,,,6.09553570701998
2023,21,LEC,Ferrari,1.0,,False,,0.0,,,,,,2.0,18.0,,,8.792041856133306,,,,7.593125545883961
2023,21,PER,Red Bull,11.0,,False,,0.0,,,,,,3.0,15.0,,,7.797435475847171,,,,7.5542482529148245
2023,21,OCO,Alpine F1 Team,16.0,,False,,0.0,,,,,,4.0,12.0,,,4.207136793592525,,,,3.4140233677518266
2023,21,STR,Aston Martin,19.0,,False,,0.0,,,,,,5.0,10.0,,,5.813776741499454,,,,5.811865258054235
2023,21,SAI,Ferrari,12.0,,False,,0.0,,,,,,6.0,8.0,,,6.942621983083914,,,,7.7667381970955
2023,21,HAM,Mercedes,10.0,,False,,0.0,,,,,,7.0,6.0,,,7.956129712366434,,,,6.289320754704399
2023,21,RUS,Mercedes,3.0,,False,,0.0,,,,,,8.0,4.0,,,4.393176527297758,,,,6.178816859057868
2023,21,ALO,Aston Martin,9.0,,False,,0.0,,,,,,9.0,2.0,,,6.496152707564686,,,,5.85851706682009
2023,21,PIA,McLaren,18.0,,False,,0.0,,,,,,10.0,2.0,,,6.610597552415364,,,,6.883151732874828
2023,21,GAS,Alpine F1 Team,4.0,,False,,0.0,,,,,,11.0,0.0,,,2.5884358211089573,,,,3.399346342395185
2023,21,ALB,Williams,5.0,,False,,0.0,,,,,,12.0,0.0,,,4.381780460041329,,,,3.852848873813305
2023,21,MAG,Haas F1 Team,8.0,,False,,0.0,,,,,,13.0,0.0,,,2.345207879911713,,,,2.8460498941515397
2023,21,RIC,AlphaTauri,14.0,,False,,0.0,,,,,,14.0,0.0,,,3.492849839314596,,,,3.2472210341220165
2023,21,ZHO,Alfa Romeo,17.0,,False,,0.0,,,,,,15.0,0.0,,,2.86356421265527,,,,3.0983866769659367
2023,21,SAR,Williams,6.0,,False,,0.0,,,,,,16.0,0.0,,,3.646916505762092,,,,3.806427312965387
2023,21,BOT,Alfa Romeo,7.0,,False,,0.0,,,,,,17.0,0.0,,,4.4944410108488455,,,,3.5916569992135954
2023,21,TSU,AlphaTauri,20.0,,False,,0.0,,,,,,18.0,0.0,,,2.7748873851023217,,,,3.29309040939426
2023,21,HUL,Haas F1 Team,13.0,,False,,0.0,,,,,,19.0,0.0,,,1.923538406167135,,,,2.503331114069146
2023,21,NOR,McLaren,15.0,,False,,0.0,,,,,,20.0,0.0,,,1.303840481040528,,,,5.493430419854039
2024,1,VER,Red Bull Racing,1.0,89.179,False,,0.0,0.0,21.51428571428572,0.0,0.0,1.0,1.0,26.0,,,,-0.3580000000000041,,,2.1832697191750388
2024,1,PER,Red Bull Racing,5.0,89.537,False,,0.0,0.0,21.51428571428572,0.0,0.0,1.0,2.0,18.0,,,,0.3580000000000041,,,2.1832697191750388
2024,1,SAI,Ferrari,4.0,89.507,False,,0.0,0.0,21.51428571428572,0.0,0.1666666666666666,0.8333333333333334,3.0,15.0,,,,0.3419999999999987,,,7.828722046981163
2024,1,LEC,Ferrari,2.0,89.165,False,,0.0,0.0,21.51428571428572,0.0,0.1578947368421052,0.8421052631578947,4.0,12.0,,,,-0.3419999999999987,,,7.7667381970955
2024,1,RUS,Mercedes,3.0,89.485,False,,0.0,0.0,21.51428571428572,0.0,0.0,1.0,5.0,10.0,,,,-0.2249999999999943,,,5.13051870888531
2024,1,NOR,McLaren,7.0,89.614,False,,0.0,0.0,21.51428571428572,0.0,0.0,1.0,6.0,8.0,,,,-0.0690000000000026,,,6.717307661721487
2024,1,HAM,Mercedes,9.0,89.71,False,,0.0,0.0,21.51428571428572,0.0,0.0,1.0,7.0,6.0,,,,0.2249999999999943,,,6.147266781984401
2024,1,PIA,McLaren,8.0,89.683,False,,0.0,0.0,21.51428571428572,0.0,0.0,1.0,8.0,4.0,,,,0.0690000000000026,,,6.518350166176167
2024,1,ALO,Aston Martin,6.0,89.542,False,,0.0,0.0,21.51428571428572,0.0,0.0,1.0,9.0,2.0,,,,-0.4230000000000018,,,5.518655230720215
2024,1,STR,Aston Martin,12.0,89.965,False,,0.0,0.0,21.51428571428572,0.0,0.0,1.0,10.0,1.0,,,,0.4230000000000018,,,5.374838498865704
2024,1,ZHO,Kick Sauber,17.0,90.757,False,,0.0,0.0,21.51428571428572,0.0,0.0,1.0,11.0,0.0,,,,0.0010000000000047,,,
2024,1,MAG,Haas F1 Team,15.0,90.529,False,,0.0,0.0,21.51428571428572,0.0,0.0,1.0,12.0,0.0,,,,0.6779999999999973,,,2.9230881691191666
2024,1,RIC,RB,14.0,90.278,False,,0.0,0.0,21.51428571428572,0.0,0.0,1.0,13.0,0.0,,,,0.1490000000000009,,,
2024,1,TSU,RB,11.0,90.129,False,,0.0,0.0,21.51428571428572,0.0,0.0,1.0,14.0,0.0,,,,-0.1490000000000009,,,
2024,1,ALB,Williams,13.0,90.221,False,,0.0,0.0,21.51428571428572,0.0,0.0,1.0,15.0,0.0,,,,-0.5489999999999924,,,3.713339317768967
2024,1,HUL,Haas F1 Team,10.0,89.851,False,,0.0,0.0,21.51428571428572,0.0,0.0,1.0,16.0,0.0,,,,-0.6779999999999973,,,2.9230881691191666
2024,1,OCO,Alpine,19.0,90.793,False,,0.0,0.0,21.51428571428572,0.0,0.3333333333333333,0.6666666666666666,17.0,0.0,,,,-0.1549999999999869,,,6.0378436180109505
2024,1,GAS,Alpine,20.0,90.948,False,,0.0,0.0,21.51428571428572,0.0,0.3333333333333333,0.6666666666666666,18.0,0.0,,,,0.1549999999999869,,,5.541760650832107
2024,1,BOT,Kick Sauber,16.0,90.756,False,,0.0,0.0,21.51428571428572,0.0,0.0,1.0,19.0,0.0,,,,-0.0010000000000047,,,
2024,1,SAR,Williams,18.0,90.77,False,,0.0,0.0,21.51428571428572,0.0,0.0,1.0,20.0,0.0,,,,0.5489999999999924,,,3.7490739597339986
2024,2,VER,Red Bull Racing,1.0,87.472,False,,0.0,0.0,30.786170212765963,0.0,0.0,1.0,1.0,25.0,,,,-0.3350000000000079,,,2.162817093001108
2024,2,PER,Red Bull Racing,3.0,87.807,False,,0.0,0.0,30.786170212765963,1.0,0.0,1.0,2.0,18.0,,,,0.3350000000000079,,,2.1832697191750388
2024,2,LEC,Ferrari,2.0,87.791,False,,0.0,0.0,30.786170212765963,1.0,0.0,1.0,3.0,16.0,,,,-0.8509999999999991,,,5.24510353673892
2024,2,PIA,McLaren,5.0,88.089,False,,0.0,0.0,30.786170212765963,2.0,0.0,1.0,4.0,12.0,,,,-0.0430000000000063,,,5.593647190240807
2024,2,ALO,Aston Martin,4.0,87.846,False,,0.0,0.0,30.786170212765963,0.0,0.0,1.0,5.0,10.0,,,,-0.4039999999999963,,,5.363456596884765
2024,2,RUS,Mercedes,7.0,88.316,False,,0.0,0.0,30.786170212765963,2.0,0.1363636363636363,0.8636363636363636,6.0,8.0,,,,-0.1439999999999912,,,3.392802839999856
2024,2,BEA,Ferrari,11.0,88.642,False,,0.0,0.0,30.786170212765963,1.0,0.0,1.0,7.0,6.0,,,,0.8509999999999991,,,6.9193769790189785
2024,2,NOR,McLaren,6.0,88.132,False,,0.0,0.0,30.786170212765963,2.0,0.0,1.0,8.0,4.0,,,,0.0430000000000063,,,6.106462878695724
2024,2,HAM,Mercedes,8.0,88.46,False,,0.0,0.0,30.786170212765963,1.0,0.125,0.875,9.0,2.0,,,,0.1439999999999912,,,5.050852513300213
2024,2,HUL,Haas F1 Team,15.0,89.055,False,,0.0,0.0,30.786170212765963,1.0,0.0,1.0,10.0,1.0,,,,0.0350000000000108,,,3.0568684048294337
2024,2,ALB,Williams,12.0,88.98,False,,0.0,0.0,30.786170212765963,1.0,0.0,1.0,11.0,0.0,,,,-0.5459999999999923,,,4.056544780420348
2024,2,MAG,Haas F1 Team,13.0,89.02,False,,0.0,0.0,30.786170212765963,2.0,0.0,1.0,12.0,0.0,,,,-0.0350000000000108,,,3.2041639575194454
2024,2,OCO,Alpine,17.0,89.475,False,,0.0,0.0,30.786170212765963,0.0,0.0,1.0,13.0,0.0,,,,-0.0040000000000048,,,6.037843618010954
2024,2,SAR,Williams,19.0,89.526,False,,0.0,0.0,30.786170212765963,0.0,0.0,1.0,14.0,0.0,,,,0.5459999999999923,,,3.8427420765212275
2024,2,TSU,RB,9.0,88.547,False,,0.0,0.0,30.786170212765963,0.0,0.0,1.0,15.0,0.0,,,,-0.4780000000000086,,,
2024,2,RIC,RB,14.0,89.025,False,,0.0,0.0,30.786170212765963,0.0,0.0,1.0,16.0,0.0,,,,0.4780000000000086,,,
2024,2,BOT,Kick Sauber,16.0,89.179,False,,0.0,0.0,30.786170212765963,0.0,0.0,1.0,17.0,0.0,,,,,,,
2024,2,ZHO,Kick Sauber,20.0,,False,,0.0,0.0,30.786170212765963,0.0,0.0,1.0,18.0,0.0,,,,,,,
2024,2,STR,Aston Martin,10.0,88.25,False,,0.0,0.0,30.786170212765963,0.0,0.0,1.0,19.0,0.0,,,,0.4039999999999963,,,5.094659513211417
2024,2,GAS,Alpine,18.0,89.479,False,,0.0,0.0,30.786170212765963,0.0,0.0,1.0,20.0,0.0,,,,0.0040000000000048,,,5.8309518948453025
2024,3,SAI,Ferrari,2.0,76.185,False,,0.0,1.0,34.41410256410256,0.0,,1.0,1.0,25.0,,,,-0.1189999999999997,,,5.3135048069361295
2024,3,LEC,Ferrari,4.0,76.304,False,,0.0,1.0,34.41410256410256,0.0,,1.0,2.0,19.0,,,,0.1189999999999997,,,5.24510353673892
2024,3,NOR,McLaren,3.0,76.315,False,,0.0,1.0,34.41410256410256,0.0,,1.0,3.0,15.0,,,,-0.257000000000005,,,5.233439489369191
2024,3,PIA,McLaren,5.0,76.572,False,,0.0,1.0,34.41410256410256,0.0,,1.0,4.0,12.0,,,,0.257000000000005,,,5.417051268397264
2024,3,PER,Red Bull Racing,6.0,76.274,False,,0.0,1.0,34.41410256410256,0.0,,1.0,5.0,10.0,,,,0.3589999999999946,,,2.162817093001108
2024,3,STR,Aston Martin,9.0,76.78,False,,0.0,1.0,34.41410256410256,0.0,,1.0,6.0,8.0,,,,0.0700000000000073,,,5.270462766947303
2024,3,TSU,RB,8.0,76.788,False,,0.0,1.0,34.41410256410256,0.0,,1.0,7.0,6.0,,,,-1.296999999999997,,,
2024,3,ALO,Aston Martin,10.0,76.71,False,,0.0,1.0,34.41410256410256,0.0,,1.0,8.0,4.0,,,,-0.0700000000000073,,,5.962847939999443
2024,3,HUL,Haas F1 Team,16.0,77.976,False,,0.0,1.0,34.41410256410256,0.0,,1.0,9.0,2.0,,,,0.5489999999999924,,,3.3065591380366004
2024,3,MAG,Haas F1 Team,14.0,77.427,False,,0.0,1.0,34.41410256410256,0.0,,1.0,10.0,1.0,,,,-0.5489999999999924,,,3.7118429085533515
2024,3,ALB,Williams,12.0,77.13,False,,0.0,1.0,34.41410256410256,0.0,,1.0,11.0,0.0,,,,,,,3.591656999213596
2024,3,RIC,RB,18.0,78.085,False,,0.0,1.0,34.41410256410256,0.0,,1.0,12.0,0.0,,,,1.296999999999997,,,
2024,3,GAS,Alpine,17.0,77.982,False,,0.0,1.0,34.41410256410256,0.0,,1.0,13.0,0.0,,,,0.3649999999999949,,,5.986094998689328
2024,3,BOT,Kick Sauber,13.0,77.34,False,,0.0,1.0,34.41410256410256,0.0,,1.0,14.0,0.0,,,,-0.847999999999999,,,
2024,3,ZHO,Kick Sauber,19.0,78.188,False,,0.0,1.0,34.41410256410256,0.0,,1.0,15.0,0.0,,,,0.847999999999999,,,
2024,3,OCO,Alpine,15.0,77.617,False,,0.0,1.0,34.41410256410256,0.0,,1.0,16.0,0.0,,,,-0.3649999999999949,,,5.665686189686122
2024,3,RUS,Mercedes,7.0,76.724,False,,0.0,1.0,34.41410256410256,0.0,,1.0,17.0,0.0,,,,-0.23599999999999,,,4.228212125447083
2024,3,HAM,Mercedes,11.0,76.96,False,,0.0,1.0,34.41410256410256,0.0,,1.0,18.0,0.0,,,,0.23599999999999,,,3.334999583541533
2024,3,VER,Red Bull Racing,1.0,75.915,False,,0.0,1.0,34.41410256410256,0.0,,1.0,19.0,0.0,,,,-0.3589999999999946,,,2.282785822435188
2024,4,VER,Red Bull Racing,1.0,88.197,False,,0.0,0.0,26.71052631578948,0.0,,1.0,1.0,26.0,,,,-0.0660000000000025,,,5.4731668671396765
2024,4,PER,Red Bull Racing,2.0,88.263,False,,0.0,0.0,26.71052631578948,0.0,,1.0,2.0,18.0,,,,0.0660000000000025,,,5.478239782184703
2024,4,SAI,Ferrari,4.0,88.682,False,,0.0,0.0,26.71052631578948,0.0,,1.0,3.0,15.0,,,,-0.1039999999999992,,,1.98885785202351
2024,4,LEC,Ferrari,8.0,88.786,False,,0.0,0.0,26.71052631578948,0.0,,1.0,4.0,12.0,,,,0.1039999999999992,,,5.501514942874071
2024,4,NOR,McLaren,3.0,88.489,False,,0.0,0.0,26.71052631578948,0.0,,1.0,5.0,10.0,,,,-0.2710000000000008,,,5.586690532964133
2024,4,ALO,Aston Martin,5.0,88.686,False,,0.0,0.0,26.71052631578948,0.0,,1.0,6.0,8.0,,,,-1.337999999999994,,,4.508017549014451
2024,4,RUS,Mercedes,9.0,89.008,False,,0.0,0.0,26.71052631578948,0.0,,1.0,7.0,6.0,,,,0.2419999999999902,,,4.748099034818502
2024,4,PIA,McLaren,6.0,88.76,False,,0.0,0.0,26.71052631578948,0.0,,1.0,8.0,4.0,,,,0.2710000000000008,,,5.308274463305165
2024,4,HAM,Mercedes,7.0,88.766,False,,0.0,0.0,26.71052631578948,0.0,,1.0,9.0,2.0,,,,-0.2419999999999902,,,4.784233364802436
2024,4,TSU,RB,10.0,89.413,False,,0.0,0.0,26.71052631578948,0.0,,1.0,10.0,1.0,,,,-0.0589999999999975,,,3.7289089429432174
2024,4,HUL,Haas F1 Team,12.0,89.494,False,,0.0,0.0,26.71052631578948,0.0,,1.0,11.0,0.0,,,,-0.6370000000000005,,,3.446415206816763
2024,4,STR,Aston Martin,16.0,90.024,False,,0.0,0.0,26.71052631578948,0.0,,1.0,12.0,0.0,,,,1.337999999999994,,,4.237399621885526
2024,4,MAG,Haas F1 Team,18.0,90.131,False,,0.0,0.0,26.71052631578948,0.0,,1.0,13.0,0.0,,,,0.6370000000000005,,,3.496029493900513
2024,4,BOT,Kick Sauber,13.0,89.593,False,,0.0,0.0,26.71052631578948,0.0,,1.0,14.0,0.0,,,,-0.5499999999999972,,,2.9439202887759492
2024,4,OCO,Alpine,15.0,89.811,False,,0.0,0.0,26.71052631578948,0.0,,1.0,15.0,0.0,,,,-0.3079999999999927,,,4.541169697580382
2024,4,GAS,Alpine,17.0,90.119,False,,0.0,0.0,26.71052631578948,0.0,,1.0,16.0,0.0,,,,0.3079999999999927,,,5.4579198316656266
2024,4,SAR,Williams,19.0,90.139,False,,0.0,0.0,26.71052631578948,0.0,,1.0,17.0,0.0,,,,0.4249999999999971,,,3.7252889522529378
2024,4,ZHO,Kick Sauber,20.0,90.143,False,,0.0,0.0,26.71052631578948,0.0,,1.0,18.0,0.0,,,,0.5499999999999972,,,2.760262237369417
2024,4,RIC,RB,11.0,89.472,False,,0.0,0.0,26.71052631578948,0.0,,1.0,19.0,0.0,,,,0.0589999999999975,,,3.188521078284832
2024,4,ALB,Williams,14.0,89.714,False,,0.0,0.0,26.71052631578948,0.0,,1.0,20.0,0.0,,,,-0.4249999999999971,,,3.3082388735465362
2024,5,VER,Red Bull Racing,1.0,93.66,True,1.0,8.0,0.0,33.88837209302326,2.0,0.0,1.0,1.0,25.0,,,,-0.3220000000000027,,,5.518655230720211
2024,5,NOR,McLaren,4.0,94.165,True,6.0,3.0,0.0,33.88837209302326,2.0,0.0,1.0,2.0,18.0,,,,-0.1079999999999898,,,4.903513479582205
2024,5,PER,Red Bull Racing,2.0,93.982,True,3.0,6.0,0.0,33.88837209302326,2.0,0.0,1.0,3.0,15.0,,,,0.3220000000000027,,,5.518655230720211
2024,5,LEC,Ferrari,6.0,94.289,True,4.0,5.0,0.0,33.88837209302326,2.0,0.0,1.0,4.0,12.0,,,,-0.0079999999999955,,,1.840893502864547
2024,5,SAI,Ferrari,7.0,94.297,True,5.0,4.0,0.0,33.88837209302326,2.0,0.1764705882352941,0.8235294117647058,5.0,10.0,,,,0.0079999999999955,,,1.7669811040931467
2024,5,RUS,Mercedes,8.0,94.433,True,8.0,1.0,0.0,33.88837209302326,3.0,0.0,1.0,6.0,8.0,,,,-1.1399999999999864,,,4.4284434185288015
2024,5,ALO,Aston Martin,3.0,94.148,True,20.0,0.0,0.0,33.88837209302326,2.0,0.0,1.0,7.0,7.0,,,,-0.6899999999999977,,,4.228212125447093
2024,5,PIA,McLaren,5.0,94.273,True,7.0,2.0,0.0,33.88837209302326,2.0,0.0,1.0,8.0,4.0,,,,0.1079999999999898,,,2.61618891604646
2024,5,HAM,Mercedes,18.0,95.573,True,2.0,7.0,0.0,33.88837209302326,1.0,0.0,1.0,9.0,2.0,,,,1.1399999999999864,,,4.49814776695178
2024,5,HUL,Haas F1 Team,9.0,94.604,True,19.0,0.0,0.0,33.88837209302326,1.0,0.0,1.0,10.0,1.0,,,,-0.912000000000006,,,3.0276503540975037
2024,5,OCO,Alpine,13.0,95.223,True,13.0,0.0,0.0,33.88837209302326,2.0,0.0,1.0,11.0,0.0,,,,-0.0640000000000071,,,3.583914681524173
2024,5,ALB,Williams,14.0,95.241,True,17.0,0.0,0.0,33.88837209302326,2.0,0.0,1.0,12.0,0.0,,,,-1.1170000000000044,,,3.5292429153510487
2024,5,GAS,Alpine,15.0,95.287,True,15.0,0.0,0.0,33.88837209302326,2.0,0.0,1.0,13.0,0.0,,,,0.0640000000000071,,,3.8658045015810782
2024,5,ZHO,Kick Sauber,16.0,95.505,True,9.0,0.0,0.0,33.88837209302326,1.0,0.0,1.0,14.0,0.0,,,,0.8399999999999892,,,2.905932629027116
2024,5,STR,Aston Martin,11.0,94.838,True,14.0,0.0,0.0,33.88837209302326,2.0,0.0,1.0,15.0,0.0,,,,0.6899999999999977,,,4.270050741306639
2024,5,MAG,Haas F1 Team,17.0,95.516,True,10.0,0.0,0.0,33.88837209302326,1.0,0.0,1.0,16.0,0.0,,,,0.912000000000006,,,2.065591117977313
2024,5,SAR,Williams,20.0,96.358,True,18.0,0.0,0.0,33.88837209302326,1.0,0.0,1.0,17.0,0.0,,,,1.1170000000000044,,,3.425395354310703
2024,5,RIC,RB,12.0,94.934,True,11.0,0.0,0.0,33.88837209302326,2.0,0.0,1.0,18.0,0.0,,,,-0.8119999999999976,,,3.693623849670827
2024,5,TSU,RB,19.0,95.746,True,16.0,0.0,0.0,33.88837209302326,1.0,0.0,1.0,19.0,0.0,,,,0.8119999999999976,,,3.8005847503304597
2024,5,BOT,Kick Sauber,10.0,94.665,True,12.0,0.0,0.0,33.88837209302326,2.0,0.0,1.0,20.0,0.0,,,,-0.8399999999999892,,,2.7124053637210754
2024,6,NOR,McLaren,5.0,87.594,True,20.0,0.0,0.0,47.29480519480519,1.0,0.2857142857142857,0.7142857142857143,1.0,25.0,,,2.3874672772626644,-0.081000000000003,,,2.319003617456791
2024,6,VER,Red Bull Racing,1.0,87.241,True,1.0,8.0,0.0,47.29480519480519,2.0,0.0,1.0,2.0,18.0,,,8.049844718999243,-0.2189999999999941,,,5.48634668973808
2024,6,LEC,Ferrari,2.0,87.382,True,2.0,7.0,0.0,47.29480519480519,1.0,0.0,1.0,3.0,15.0,,,0.8944271909999159,-0.0729999999999932,,,1.6465452046971334
2024,6,PER,Red Bull Racing,4.0,87.46,True,3.0,6.0,0.0,47.29480519480519,2.0,0.0,1.0,4.0,12.0,,,1.3038404810405295,0.2189999999999941,,,5.518655230720211
2024,6,SAI,Ferrari,3.0,87.455,True,5.0,4.0,0.0,47.29480519480519,1.0,0.0,1.0,5.0,10.0,,,,0.0729999999999932,,,1.6499158227686148
2024,6,HAM,Mercedes,8.0,87.697,True,16.0,0.0,0.0,47.29480519480519,1.0,0.1428571428571428,0.8571428571428571,6.0,8.0,,,4.33589667773576,-0.3699999999999903,,,4.54728246074265
2024,6,TSU,RB,10.0,88.167,True,8.0,1.0,0.0,47.29480519480519,1.0,0.0,1.0,7.0,6.0,,,4.636809247747852,-0.4500000000000028,,,3.9228674319799395
2024,6,RUS,Mercedes,7.0,88.067,True,12.0,0.0,0.0,47.29480519480519,1.0,0.1428571428571428,0.8571428571428571,8.0,4.0,,,4.969909455915671,0.3699999999999903,,,4.613988392799536
2024,6,ALO,Aston Martin,15.0,88.427,True,17.0,0.0,0.0,47.29480519480519,1.0,0.0,1.0,9.0,2.0,,,1.5811388300841898,0.25,,,4.473378042498885
2024,6,OCO,Alpine,13.0,88.209,True,15.0,0.0,0.0,47.29480519480519,1.0,0.0,1.0,10.0,1.0,,,2.4083189157584592,0.2330000000000041,,,2.716206504995128
2024,6,HUL,Haas F1 Team,9.0,88.146,True,7.0,2.0,0.0,47.29480519480519,1.0,0.0,1.0,11.0,0.0,,,2.774887385102321,-0.472999999999999,,,2.469817807045712
2024,6,GAS,Alpine,12.0,87.976,True,9.0,0.0,0.0,47.29480519480519,1.0,0.0,1.0,12.0,0.0,,,3.082207001484488,-0.2330000000000041,,,2.7406406388126103
2024,6,PIA,McLaren,6.0,87.675,True,6.0,3.0,0.0,47.29480519480519,1.0,0.0,1.0,13.0,0.0,,,2.1908902300206643,0.081000000000003,,,2.7264140062237847
2024,6,ZHO,Kick Sauber,19.0,88.824,True,11.0,0.0,0.0,47.29480519480519,0.0,0.0,1.0,14.0,0.0,,,2.949576240750525,0.3610000000000042,,,2.62678510731274
2024,6,RIC,RB,20.0,88.617,True,4.0,5.0,0.0,47.29480519480519,0.0,0.0,1.0,15.0,0.0,,,3.049590136395381,0.4500000000000028,,,3.9454615277134133
2024,6,BOT,Kick Sauber,16.0,88.463,True,14.0,0.0,0.0,47.29480519480519,0.0,0.0,1.0,16.0,0.0,,,2.7748873851023217,-0.3610000000000042,,,2.8284271247461903
2024,6,STR,Aston Martin,11.0,88.177,True,19.0,0.0,0.0,47.29480519480519,2.0,0.0,1.0,17.0,0.0,,,4.9295030175464944,-0.25,,,4.473378042498885
2024,6,ALB,Williams,14.0,88.343,True,13.0,0.0,0.0,47.29480519480519,1.0,0.0,1.0,18.0,0.0,,,3.8340579025361614,-0.1439999999999912,,,3.3349995835415385
2024,6,MAG,Haas F1 Team,18.0,88.619,True,18.0,0.0,0.0,47.29480519480519,0.0,0.0,1.0,19.0,0.0,,,2.1908902300206647,0.472999999999999,,,2.0110804171998073
2024,6,SAR,Williams,17.0,88.487,True,10.0,0.0,0.0,47.29480519480519,0.0,0.0,1.0,20.0,0.0,,,,0.1439999999999912,,,3.439961240091717
2024,7,VER,Red Bull Racing,1.0,74.746,False,,0.0,0.0,41.55866666666667,2.0,0.0,1.0,1.0,25.0,,,7.9498427657407165,-0.960000000000008,,,5.521674464226307
2024,7,NOR,McLaren,2.0,74.837,False,,0.0,0.0,41.55866666666667,2.0,0.0,1.0,2.0,18.0,,,2.774887385102321,0.0170000000000101,,,3.6270588023294383
2024,7,LEC,Ferrari,3.0,74.97,False,,0.0,0.0,41.55866666666667,2.0,0.4285714285714285,0.5714285714285714,3.0,15.0,,,0.8366600265340756,-0.2630000000000052,,,1.7029386365926442
2024,7,PIA,McLaren,5.0,74.82,False,,0.0,0.0,41.55866666666667,2.0,0.0,1.0,4.0,12.0,,,3.714835124201342,-0.0170000000000101,,,3.6817870057290722
2024,7,SAI,Ferrari,4.0,75.233,False,,0.0,0.0,41.55866666666667,2.0,0.4,0.6,5.0,10.0,,,1.6733200530681511,0.2630000000000052,,,1.2516655570345776
2024,7,HAM,Mercedes,8.0,75.504,False,,0.0,0.0,41.55866666666667,2.0,0.0,1.0,6.0,8.0,,,4.54972526643093,0.2700000000000102,,,4.403281604540963
2024,7,RUS,Mercedes,6.0,75.234,False,,0.0,0.0,41.55866666666667,2.0,0.1111111111111111,0.8888888888888888,7.0,7.0,,,4.658325879540846,-0.2700000000000102,,,4.541169697580369
2024,7,PER,Red Bull Racing,11.0,75.706,False,,0.0,0.0,41.55866666666667,2.0,0.0,1.0,8.0,4.0,,,1.3038404810405295,0.960000000000008,,,5.436502143433363
2024,7,STR,Aston Martin,13.0,75.992,False,,0.0,0.0,41.55866666666667,2.0,0.0,1.0,9.0,2.0,,,5.06951674225463,-0.9249999999999972,,,5.308274463305173
2024,7,TSU,RB,7.0,75.358,False,,0.0,0.0,41.55866666666667,2.0,0.0,1.0,10.0,1.0,,,5.272570530585627,-0.3160000000000025,,,4.527692569068708
2024,7,HUL,Haas F1 Team,10.0,75.569,False,,0.0,0.0,41.55866666666667,2.0,0.0,1.0,11.0,0.0,,,0.8366600265340746,-1.2849999999999966,,,3.1428932176861912
2024,7,MAG,Haas F1 Team,18.0,76.854,False,,0.0,0.0,41.55866666666667,1.0,0.0,1.0,12.0,0.0,,,3.5355339059327378,1.2849999999999966,,,3.0840089349921134
2024,7,RIC,RB,9.0,75.674,False,,0.0,0.0,41.55866666666667,2.0,0.0,1.0,13.0,0.0,,,2.7386127875258306,0.3160000000000025,,,4.589843860815601
2024,7,OCO,Alpine,12.0,75.906,False,,0.0,0.0,41.55866666666667,2.0,0.0,1.0,14.0,0.0,,,2.5495097567963927,-0.1089999999999946,,,2.173067468400894
2024,7,ZHO,Kick Sauber,17.0,76.834,False,,0.0,0.0,41.55866666666667,1.0,0.0,1.0,15.0,0.0,,,2.04939015319192,0.2079999999999984,,,2.2335820757001277
2024,7,GAS,Alpine,15.0,76.015,False,,0.0,0.0,41.55866666666667,2.0,0.0,1.0,16.0,0.0,,,3.2710854467592254,0.1089999999999946,,,2.923088169119177
2024,7,SAR,Williams,19.0,,False,,0.0,0.0,41.55866666666667,1.0,0.0,1.0,17.0,0.0,,,2.5099800796022262,,,,3.7118429085533498
2024,7,BOT,Kick Sauber,16.0,76.626,False,,0.0,0.0,41.55866666666667,2.0,0.0,1.0,18.0,0.0,,,2.489979919597747,-0.2079999999999984,,,2.1602468994692874
2024,7,ALO,Aston Martin,20.0,76.917,False,,0.0,0.0,41.55866666666667,1.0,0.0,1.0,19.0,0.0,,,1.5811388300841898,0.9249999999999972,,,5.0376361299500205
2024,7,ALB,Williams,14.0,76.2,False,,0.0,0.0,41.55866666666667,2.0,0.0,1.0,20.0,0.0,,,4.277849927241488,,,,3.7118429085533498
2024,8,LEC,Ferrari,1.0,70.27,False,,0.0,0.0,44.72631578947369,3.0,,1.0,1.0,25.0,,,0.8366600265340756,-0.2480000000000046,,,1.3540064007726649
2024,8,PIA,McLaren,2.0,70.424,False,,0.0,0.0,44.72631578947369,3.0,,1.0,2.0,18.0,,,3.714835124201342,-0.117999999999995,,,3.634709219609047
2024,8,SAI,Ferrari,3.0,70.518,False,,0.0,0.0,44.72631578947369,3.0,,1.0,3.0,15.0,,,1.7888543819998317,0.2480000000000046,,,1.505545305418166
2024,8,NOR,McLaren,4.0,70.542,False,,0.0,0.0,44.72631578947369,3.0,,1.0,4.0,12.0,,,1.5165750888103098,0.117999999999995,,,3.6817870057290722
2024,8,RUS,Mercedes,5.0,70.543,False,,0.0,0.0,44.72631578947369,3.0,,1.0,5.0,10.0,,,4.527692569068708,-0.0779999999999887,,,3.2930904093942526
2024,8,VER,Red Bull Racing,6.0,70.567,False,,0.0,0.0,44.72631578947369,3.0,,1.0,6.0,8.0,,,7.9498427657407165,-1.4930000000000092,,,6.967384333050993
2024,8,HAM,Mercedes,7.0,70.621,False,,0.0,0.0,44.72631578947369,3.0,,1.0,7.0,7.0,,,4.9295030175464944,0.0779999999999887,,,4.473378042498875
2024,8,TSU,RB,8.0,70.858,False,,0.0,0.0,44.72631578947369,3.0,,1.0,8.0,4.0,,,4.929503017546495,-0.6239999999999952,,,4.618802153517006
2024,8,ALB,Williams,9.0,70.948,False,,0.0,0.0,44.72631578947369,3.0,,1.0,9.0,2.0,,,4.3817804600413295,-1.0720000000000027,,,3.2727833889689557
2024,8,GAS,Alpine,10.0,70.896,False,,0.0,0.0,44.72631578947369,3.0,,1.0,10.0,1.0,,,1.870828693386971,-0.3889999999999958,,,2.170509412813306
2024,8,ALO,Aston Martin,14.0,72.019,False,,0.0,0.0,44.72631578947369,1.0,,1.0,11.0,0.0,,,5.263078946776307,0.456000000000003,,,4.709328803319834
2024,8,RIC,RB,12.0,71.482,False,,0.0,0.0,44.72631578947369,2.0,,1.0,12.0,0.0,,,3.049590136395381,0.6239999999999952,,,4.618802153517006
2024,8,BOT,Kick Sauber,17.0,72.512,False,,0.0,0.0,44.72631578947369,1.0,,1.0,13.0,0.0,,,2.60768096208106,-0.5160000000000053,,,2.1499353995462807
2024,8,STR,Aston Martin,13.0,71.563,False,,0.0,0.0,44.72631578947369,2.0,,1.0,14.0,0.0,,,4.438468204234429,-0.456000000000003,,,4.60555220479707
2024,8,SAR,Williams,15.0,72.02,False,,0.0,0.0,44.72631578947369,1.0,,1.0,15.0,0.0,,,2.1213203435596424,1.0720000000000027,,,4.012480529547777
2024,8,ZHO,Kick Sauber,18.0,73.028,False,,0.0,0.0,44.72631578947369,2.0,,1.0,16.0,0.0,,,1.643167672515499,0.5160000000000053,,,2.263232692902395
2024,8,OCO,Alpine,11.0,71.285,False,,0.0,0.0,44.72631578947369,2.0,,1.0,17.0,0.0,,,2.5884358211089573,0.3889999999999958,,,2.4517567397911146
2024,8,PER,Red Bull Racing,16.0,72.06,False,,0.0,0.0,44.72631578947369,2.0,,1.0,18.0,0.0,,,2.3021728866442674,1.4930000000000092,,,5.521674464226307
2024,8,HUL,Haas F1 Team,19.0,71.44,False,,0.0,0.0,44.72631578947369,2.0,,1.0,19.0,0.0,,,0.894427190999915,-0.2849999999999966,,,3.0840089349921134
2024,8,MAG,Haas F1 Team,20.0,71.725,False,,0.0,0.0,44.72631578947369,2.0,,1.0,20.0,0.0,,,3.5355339059327378,0.2849999999999966,,,3.521363372331808
2024,9,VER,Red Bull Racing,2.0,72.0,False,,0.0,1.0,31.116666666666653,1.0,,1.0,1.0,25.0,,,2.1679483388678817,-1.3259999999999934,,,6.629898608240969
2024,9,NOR,McLaren,3.0,72.021,False,,0.0,1.0,31.116666666666653,1.0,,1.0,2.0,18.0,,,1.6431676725154982,-0.0819999999999936,,,3.754996671103703
2024,9,RUS,Mercedes,1.0,71.742,False,,0.0,1.0,31.116666666666653,1.0,,1.0,3.0,15.0,,,1.1401754250991365,-0.2369999999999947,,,1.4337208778404278
2024,9,HAM,Mercedes,7.0,71.979,False,,0.0,1.0,31.116666666666653,1.0,,1.0,4.0,13.0,,,1.516575088810309,0.2369999999999947,,,1.3333333333333215
2024,9,PIA,McLaren,4.0,72.103,False,,0.0,1.0,31.116666666666653,2.0,,1.0,5.0,10.0,,,4.242640687119285,0.0819999999999936,,,3.8643671323171684
2024,9,ALO,Aston Martin,6.0,72.228,False,,0.0,1.0,31.116666666666653,1.0,,1.0,6.0,8.0,,,5.176871642217914,-0.4310000000000116,,,4.306326095924981
2024,9,STR,Aston Martin,9.0,72.659,False,,0.0,1.0,31.116666666666653,1.0,,1.0,7.0,6.0,,,3.049590136395381,0.4310000000000116,,,4.306326095924981
2024,9,RIC,RB,5.0,72.178,False,,0.0,1.0,31.116666666666653,1.0,,1.0,8.0,4.0,,,3.049590136395381,-0.125,,,4.483302354291978
2024,9,GAS,Alpine,15.0,72.94,False,,0.0,1.0,31.116666666666653,1.0,,1.0,9.0,2.0,,,2.60768096208106,-0.4950000000000045,,,2.590581230363402
2024,9,OCO,Alpine,18.0,73.435,False,,0.0,1.0,31.116666666666653,1.0,,1.0,10.0,1.0,,,2.8809720581775866,0.4950000000000045,,,2.750757471437041
2024,9,HUL,Haas F1 Team,17.0,73.978,False,,0.0,1.0,31.116666666666653,1.0,,1.0,11.0,0.0,,,3.7148351242013415,1.0619999999999976,,,3.9101008796307157
2024,9,MAG,Haas F1 Team,14.0,72.916,False,,0.0,1.0,31.116666666666653,1.0,,1.0,12.0,0.0,,,3.5355339059327378,-1.0619999999999976,,,3.9101008796307157
2024,9,BOT,Kick Sauber,19.0,73.366,False,,0.0,1.0,31.116666666666653,1.0,,1.0,13.0,0.0,,,2.863564212655271,-0.926000000000002,,,2.2509257354845515
2024,9,TSU,RB,8.0,72.303,False,,0.0,1.0,31.116666666666653,1.0,,1.0,14.0,0.0,,,4.764451699828638,0.125,,,4.216370213557839
2024,9,ZHO,Kick Sauber,20.0,74.292,False,,0.0,1.0,31.116666666666653,1.0,,1.0,15.0,0.0,,,1.6733200530681511,0.926000000000002,,,2.359378449224853
2024,9,SAI,Ferrari,12.0,72.728,False,,0.0,1.0,31.116666666666653,1.0,,1.0,16.0,0.0,,,1.0954451150103326,0.0369999999999919,,,5.043147165543888
2024,9,ALB,Williams,10.0,72.485,False,,0.0,1.0,31.116666666666653,1.0,,1.0,17.0,0.0,,,5.019960159204453,-0.2510000000000048,,,3.628590176179542
2024,9,PER,Red Bull Racing,16.0,73.326,False,,0.0,1.0,31.116666666666653,1.0,,1.0,18.0,0.0,,,6.557438524302,1.3259999999999934,,,5.253570214625477
2024,9,LEC,Ferrari,11.0,72.691,False,,0.0,1.0,31.116666666666653,1.0,,1.0,19.0,0.0,,,1.224744871391589,-0.0369999999999919,,,1.2649110640673569
2024,9,SAR,Williams,13.0,72.736,False,,0.0,1.0,31.116666666666653,1.0,,1.0,20.0,0.0,,,1.7888543819998317,0.2510000000000048,,,3.425395354310703
2024,10,VER,Red Bull Racing,2.0,71.403,False,,0.0,0.0,36.53552631578948,1.0,,1.0,1.0,25.0,,,2.1679483388678817,-0.6509999999999962,,,6.549809157525125
2024,10,NOR,McLaren,1.0,71.383,False,,0.0,0.0,36.53552631578948,1.0,,1.0,2.0,19.0,,,1.0954451150103317,-0.6280000000000001,,,3.683295625749655
2024,10,HAM,Mercedes,3.0,71.701,False,,0.0,0.0,36.53552631578948,1.0,,1.0,3.0,15.0,,,1.816590212458494,-0.0020000000000095,,,1.7919573407620741
2024,10,RUS,Mercedes,4.0,71.703,False,,0.0,0.0,36.53552631578948,1.0,,1.0,4.0,12.0,,,1.9235384061671328,0.0020000000000095,,,1.7159383568311597
2024,10,LEC,Ferrari,5.0,71.731,False,,0.0,0.0,36.53552631578948,1.0,,1.0,5.0,10.0,,,7.3484692283495345,-0.0050000000000096,,,6.02218122167265
2024,10,SAI,Ferrari,6.0,71.736,False,,0.0,0.0,36.53552631578948,1.0,,1.0,6.0,8.0,,,5.215361924162119,0.0050000000000096,,,5.9860949986893255
2024,10,PIA,McLaren,9.0,72.011,False,,0.0,0.0,36.53552631578948,1.0,,1.0,7.0,6.0,,,4.277849927241488,0.6280000000000001,,,3.683295625749655
2024,10,PER,Red Bull Racing,11.0,72.054,False,,0.0,0.0,36.53552631578948,1.0,,1.0,8.0,4.0,,,7.362064927722384,0.6509999999999962,,,6.629898608240969
2024,10,GAS,Alpine,7.0,71.857,False,,0.0,0.0,36.53552631578948,1.0,,1.0,9.0,2.0,,,2.738612787525831,-0.2519999999999953,,,2.740640638812601
2024,10,OCO,Alpine,8.0,72.109,False,,0.0,0.0,36.53552631578948,1.0,,1.0,10.0,1.0,,,3.049590136395381,0.2519999999999953,,,2.898275349237892
2024,10,HUL,Haas F1 Team,13.0,72.31,False,,0.0,0.0,36.53552631578948,0.0,,1.0,11.0,0.0,,,3.7148351242013415,-0.6269999999999953,,,3.9567101935263804
2024,10,ALO,Aston Martin,10.0,72.128,False,,0.0,0.0,36.53552631578948,0.0,,1.0,12.0,0.0,,,5.176871642217914,-0.2439999999999997,,,4.575295983139602
2024,10,ZHO,Kick Sauber,15.0,72.738,False,,0.0,0.0,36.53552631578948,0.0,,1.0,13.0,0.0,,,0.836660026534076,0.5109999999999957,,,1.5634719199411462
2024,10,STR,Aston Martin,14.0,72.372,False,,0.0,0.0,36.53552631578948,0.0,,1.0,14.0,0.0,,,4.219004621945797,0.2439999999999997,,,4.306326095924981
2024,10,RIC,RB,18.0,73.075,False,,0.0,0.0,36.53552631578948,0.0,,1.0,15.0,0.0,,,3.7013511046643495,0.0900000000000034,,,4.195235392680606
2024,10,BOT,Kick Sauber,12.0,72.227,False,,0.0,0.0,36.53552631578948,0.0,,1.0,16.0,0.0,,,3.082207001484489,-0.5109999999999957,,,2.221110833194359
2024,10,MAG,Haas F1 Team,16.0,72.937,False,,0.0,0.0,36.53552631578948,0.0,,1.0,17.0,0.0,,,3.7682887362833535,0.6269999999999953,,,3.8528488738133047
2024,10,ALB,Williams,20.0,73.153,False,,0.0,0.0,36.53552631578948,0.0,,1.0,18.0,0.0,,,4.54972526643093,-0.3559999999999945,,,3.628590176179542
2024,10,TSU,RB,17.0,72.985,False,,0.0,0.0,36.53552631578948,0.0,,1.0,19.0,0.0,,,4.929503017546495,-0.0900000000000034,,,3.842742076521226
2024,10,SAR,Williams,19.0,73.509,False,,0.0,0.0,36.53552631578948,0.0,,1.0,20.0,0.0,,,2.1679483388678795,0.3559999999999945,,,3.2812599206199256
2024,11,RUS,Mercedes,3.0,64.84,True,4.0,5.0,0.0,46.107894736842105,0.0,,1.0,1.0,25.0,,,2.073644135332771,-0.0630000000000023,,,1.7919573407620757
2024,11,PIA,McLaren,7.0,65.048,True,2.0,7.0,0.0,46.107894736842105,0.0,,1.0,2.0,18.0,,,4.207136793592526,0.3299999999999983,,,5.95259047250298
2024,11,SAI,Ferrari,4.0,64.851,True,5.0,4.0,0.0,46.107894736842105,0.0,,1.0,3.0,15.0,,,5.1478150704935,-0.1929999999999978,,,5.9665735560705215
2024,11,HAM,Mercedes,5.0,64.903,True,6.0,3.0,0.0,46.107894736842105,0.0,,1.0,4.0,12.0,,,1.6431676725154976,0.0630000000000023,,,1.7669811040931365
2024,11,VER,Red Bull Racing,1.0,64.314,True,1.0,8.0,0.0,46.107894736842105,0.0,,1.0,5.0,10.0,,,2.1679483388678817,-0.8300000000000125,,,6.480740698407859
2024,11,HUL,Haas F1 Team,9.0,65.262,True,19.0,0.0,0.0,46.107894736842105,0.0,,1.0,6.0,8.0,,,3.577708763999663,-0.0849999999999937,,,3.917198545446024
2024,11,PER,Red Bull Racing,8.0,65.144,True,8.0,1.0,0.0,46.107894736842105,0.0,,1.0,7.0,6.0,,,6.418722614352485,0.8300000000000125,,,6.549809157525125
2024,11,MAG,Haas F1 Team,12.0,65.347,True,9.0,0.0,0.0,46.107894736842105,0.0,,1.0,8.0,4.0,,,3.8078865529319534,0.0849999999999937,,,4.638007234913625
2024,11,RIC,RB,11.0,65.289,True,14.0,0.0,0.0,46.107894736842105,0.0,,1.0,9.0,2.0,,,2.8809720581775866,-0.1230000000000046,,,3.842742076521226
2024,11,GAS,Alpine,13.0,65.359,True,12.0,0.0,0.0,46.107894736842105,0.0,,1.0,10.0,1.0,,,2.9495762407505257,0.0849999999999937,,,2.945806812704764
2024,11,LEC,Ferrari,6.0,65.044,True,7.0,2.0,0.0,46.107894736842105,0.0,,1.0,11.0,0.0,,,7.293833011524188,0.1929999999999978,,,5.966573556070521
2024,11,OCO,Alpine,10.0,65.274,True,11.0,0.0,0.0,46.107894736842105,0.0,,1.0,12.0,0.0,,,3.1937438845342623,-0.0849999999999937,,,2.99072640748773
2024,11,STR,Aston Martin,17.0,65.819,True,10.0,0.0,0.0,46.107894736842105,0.0,,1.0,13.0,0.0,,,4.086563348340509,0.1800000000000068,,,4.522781838156202
2024,11,TSU,RB,14.0,65.412,True,13.0,0.0,0.0,46.107894736842105,0.0,,1.0,14.0,0.0,,,4.929503017546495,0.1230000000000046,,,3.8078865529319543
2024,11,ALB,Williams,16.0,65.736,True,17.0,0.0,0.0,46.107894736842105,0.0,,1.0,15.0,0.0,,,4.277849927241488,-0.1199999999999903,,,3.405877273185282
2024,11,BOT,Kick Sauber,18.0,65.847,True,18.0,0.0,0.0,46.107894736842105,0.0,,1.0,16.0,0.0,,,2.167948338867881,-0.2140000000000128,,,1.663329993316623
2024,11,ZHO,Kick Sauber,20.0,66.061,True,20.0,0.0,0.0,46.107894736842105,0.0,,1.0,17.0,0.0,,,1.1401754250991385,0.2140000000000128,,,1.663329993316623
2024,11,ALO,Aston Martin,15.0,65.639,True,15.0,0.0,0.0,46.107894736842105,0.0,,1.0,18.0,0.0,,,4.8270073544588685,-0.1800000000000068,,,4.237399621885525
2024,11,SAR,Williams,19.0,65.856,True,16.0,0.0,0.0,46.107894736842105,0.0,,1.0,19.0,0.0,,,2.3021728866442674,0.1199999999999903,,,3.4785054261852193
2024,11,NOR,McLaren,2.0,64.718,True,3.0,6.0,0.0,46.107894736842105,0.0,,1.0,20.0,0.0,,,1.0954451150103317,-0.3299999999999983,,,3.583914681524146
2024,12,HAM,Mercedes,2.0,85.99,False,,0.0,1.0,21.21529411764706,1.0,,0.8,1.0,25.0,0.2,,1.6431676725154976,0.1709999999999922,,,1.8973665961010229
2024,12,VER,Red Bull Racing,4.0,86.203,False,,0.0,1.0,21.21529411764706,0.0,,0.7916666666666666,2.0,18.0,0.2083333333333333,,2.489979919597748,-12.144999999999996,,,7.004760286167304
2024,12,NOR,McLaren,3.0,86.03,False,,0.0,1.0,21.21529411764706,1.0,,0.7727272727272727,3.0,15.0,0.2272727272727272,,7.874007874011811,-0.2069999999999936,,,5.537749241945374
2024,12,PIA,McLaren,5.0,86.237,False,,0.0,1.0,21.21529411764706,1.0,,0.7916666666666666,4.0,12.0,0.2083333333333333,,2.1213203435596424,0.2069999999999936,,,5.486346689738071
2024,12,SAI,Ferrari,7.0,86.509,False,,0.0,1.0,21.21529411764706,1.0,,0.8333333333333334,5.0,11.0,0.1666666666666666,,5.412947441089743,-0.5879999999999939,,,6.236986451805073
2024,12,HUL,Haas F1 Team,6.0,86.338,False,,0.0,1.0,21.21529411764706,0.0,,1.0,6.0,8.0,0.0,,4.6690470119715,-6.567000000000007,,,4.571651780264991
2024,12,STR,Aston Martin,8.0,86.585,False,,0.0,1.0,21.21529411764706,0.0,,0.7916666666666666,7.0,6.0,0.2083333333333333,,3.2093613071762417,-0.1450000000000102,,,3.735713526965846
2024,12,ALO,Aston Martin,10.0,86.73,False,,0.0,1.0,21.21529411764706,1.0,,0.7916666666666666,8.0,4.0,0.2083333333333333,,5.357238094391549,0.1450000000000102,,,4.270050741306639
2024,12,ALB,Williams,9.0,86.64,False,,0.0,1.0,21.21529411764706,1.0,,0.8260869565217391,9.0,2.0,0.1739130434782608,,4.207136793592526,-0.5349999999999966,,,3.3993463423951917
2024,12,TSU,RB,13.0,87.269,False,,0.0,1.0,21.21529411764706,1.0,,0.7647058823529411,10.0,1.0,0.2352941176470588,,4.242640687119285,-0.6799999999999926,,,3.5213633723318014
2024,12,SAR,Williams,12.0,87.175,False,,0.0,1.0,21.21529411764706,1.0,,0.75,11.0,0.0,0.25,,2.1679483388678795,0.5349999999999966,,,4.040077006966852
2024,12,MAG,Haas F1 Team,17.0,92.905,False,,0.0,1.0,21.21529411764706,1.0,,0.5,12.0,0.0,0.5,,4.711687595755899,6.567000000000007,,,5.028805910838971
2024,12,RIC,RB,15.0,87.949,False,,0.0,1.0,21.21529411764706,1.0,,0.7777777777777778,13.0,0.0,0.2222222222222222,,2.8809720581775866,0.6799999999999926,,,3.5213633723318014
2024,12,LEC,Ferrari,11.0,87.097,False,,0.0,1.0,21.21529411764706,1.0,,0.8333333333333334,14.0,0.0,0.1666666666666666,,7.293833011524188,0.5879999999999939,,,6.088240030309802
2024,12,BOT,Kick Sauber,16.0,92.431,False,,0.0,1.0,21.21529411764706,1.0,,0.6363636363636364,15.0,0.0,0.3636363636363636,,2.167948338867881,4.563999999999993,,,1.751190071541829
2024,12,OCO,Alpine,18.0,94.557,False,,0.0,1.0,21.21529411764706,1.0,,0.5454545454545454,16.0,0.0,0.4545454545454545,,2.9664793948382653,-5.247,,,3.7549966711037213
2024,12,PER,Red Bull Racing,20.0,98.348,False,,0.0,1.0,21.21529411764706,1.0,,0.2,17.0,0.0,0.8,,5.674504383644443,12.144999999999996,,,6.290204024248073
2024,12,ZHO,Kick Sauber,14.0,87.867,False,,0.0,1.0,21.21529411764706,1.0,,0.7727272727272727,18.0,0.0,0.2272727272727272,,1.4832396974191329,-4.563999999999993,,,1.4491376746189473
2024,12,RUS,Mercedes,1.0,85.819,False,,0.0,1.0,21.21529411764706,1.0,,0.8076923076923077,19.0,0.0,0.1923076923076923,,2.236067977499789,-0.1709999999999922,,,2.07899548393502
2024,12,GAS,Alpine,19.0,99.804,False,,0.0,1.0,21.21529411764706,1.0,,0.2857142857142857,20.0,0.0,0.7142857142857143,,2.9495762407505257,5.247,,,2.945806812704764
2024,13,PIA,McLaren,2.0,75.249,False,,0.0,1.0,30.31333333333333,3.0,,1.0,1.0,25.0,,,2.1213203435596424,0.0219999999999913,,,5.566766466171253
2024,13,NOR,McLaren,1.0,75.227,False,,0.0,1.0,30.31333333333333,4.0,,1.0,2.0,18.0,,,7.758865896508329,-0.0219999999999913,,,5.486346689738071
2024,13,HAM,Mercedes,5.0,75.854,False,,0.0,1.0,30.31333333333333,2.0,,1.0,3.0,15.0,,,2.1679483388678795,-2.1140000000000043,,,5.1950831455222035
2024,13,LEC,Ferrari,6.0,75.891,False,,0.0,1.0,30.31333333333333,3.0,,1.0,4.0,12.0,,,7.14142842854285,0.1950000000000074,,,6.236986451805073
2024,13,VER,Red Bull Racing,3.0,75.273,False,,0.0,1.0,30.31333333333333,3.0,,1.0,5.0,10.0,,,2.345207879911716,-2.6129999999999995,,,5.996295152471695
2024,13,SAI,Ferrari,4.0,75.696,False,,0.0,1.0,30.31333333333333,3.0,,1.0,6.0,8.0,,,5.412947441089743,-0.1950000000000074,,,5.910442735813737
2024,13,PER,Red Bull Racing,16.0,77.886,False,,0.0,1.0,30.31333333333333,2.0,,1.0,7.0,6.0,,,5.594640292279746,2.6129999999999995,,,6.896859188548556
2024,13,RUS,Mercedes,17.0,77.968,False,,0.0,1.0,30.31333333333333,1.0,,1.0,8.0,5.0,,,7.197221686178632,2.1140000000000043,,,5.186520991955974
2024,13,TSU,RB,10.0,76.121,False,,0.0,1.0,30.31333333333333,2.0,,1.0,9.0,2.0,,,4.242640687119285,-0.081000000000003,,,3.5213633723318014
2024,13,STR,Aston Martin,8.0,76.075,False,,0.0,1.0,30.31333333333333,3.0,,1.0,10.0,1.0,,,3.6742346141747664,0.0319999999999964,,,3.9157800414902497
2024,13,ALO,Aston Martin,7.0,76.043,False,,0.0,1.0,30.31333333333333,2.0,,1.0,11.0,0.0,,,4.58257569495584,-0.0319999999999964,,,3.9157800414902497
2024,13,RIC,RB,9.0,76.202,False,,0.0,1.0,30.31333333333333,2.0,,1.0,12.0,0.0,,,2.8809720581775866,0.081000000000003,,,3.5213633723318014
2024,13,HUL,Haas F1 Team,11.0,76.317,False,,0.0,1.0,30.31333333333333,3.0,,1.0,13.0,0.0,,,5.319774431308154,-0.2310000000000087,,,5.028805910838971
2024,13,ALB,Williams,13.0,76.429,False,,0.0,1.0,30.31333333333333,1.0,,1.0,14.0,0.0,,,4.335896677735759,-0.1140000000000043,,,4.295992965026313
2024,13,MAG,Haas F1 Team,15.0,76.548,False,,0.0,1.0,30.31333333333333,3.0,,1.0,15.0,0.0,,,4.711687595755899,0.2310000000000087,,,4.452215428550412
2024,13,BOT,Kick Sauber,12.0,76.384,False,,0.0,1.0,30.31333333333333,4.0,,1.0,16.0,0.0,,,1.5165750888103111,-1.6530000000000058,,,1.751190071541829
2024,13,SAR,Williams,14.0,76.543,False,,0.0,1.0,30.31333333333333,1.0,,1.0,17.0,0.0,,,3.937003937005905,0.1140000000000043,,,3.7357135269658426
2024,13,OCO,Alpine,19.0,78.049,False,,0.0,1.0,30.31333333333333,2.0,,1.0,18.0,0.0,,,3.3166247903554,-0.1169999999999902,,,4.49814776695179
2024,13,ZHO,Kick Sauber,18.0,78.037,False,,0.0,1.0,30.31333333333333,1.0,,1.0,19.0,0.0,,,1.9235384061671343,1.6530000000000058,,,1.5811388300841924
2024,13,GAS,Alpine,20.0,78.166,False,,0.0,1.0,30.31333333333333,1.0,,1.0,20.0,0.0,,,4.722287581247039,0.1169999999999902,,,3.917198545446028
2024,14,HAM,Mercedes,3.0,113.835,False,,0.0,1.0,22.02278481012658,0.0,,,1.0,25.0,1.0,,1.224744871391588,-0.2600000000000051,,,5.29150262212918
2024,14,PIA,McLaren,5.0,114.027,False,,0.0,1.0,22.02278481012658,0.0,,,2.0,18.0,1.0,,2.3874672772626644,0.0460000000000064,,,5.5467708323552145
2024,14,LEC,Ferrari,1.0,113.754,False,,0.0,1.0,22.02278481012658,0.0,,,3.0,15.0,1.0,,6.268971207462991,-0.3579999999999899,,,5.665686189686122
2024,14,VER,Red Bull Racing,11.0,113.159,False,,0.0,1.0,22.02278481012658,0.0,,,4.0,12.0,1.0,,2.0493901531919216,-0.6059999999999945,,,4.666666666666666
2024,14,NOR,McLaren,4.0,113.981,False,,0.0,1.0,22.02278481012658,0.0,,,5.0,10.0,1.0,,7.9498427657407165,-0.0460000000000064,,,5.633234713140685
2024,14,SAI,Ferrari,7.0,114.112,False,,0.0,1.0,22.02278481012658,0.0,,,6.0,8.0,1.0,,5.06951674225463,0.3579999999999899,,,4.667856991049418
2024,14,PER,Red Bull Racing,2.0,113.765,False,,0.0,1.0,22.02278481012658,0.0,,,7.0,7.0,1.0,,5.594640292279746,0.6059999999999945,,,6.026792034094275
2024,14,ALO,Aston Martin,8.0,114.258,False,,0.0,1.0,22.02278481012658,0.0,,,8.0,4.0,1.0,,4.58257569495584,-1.4579999999999984,,,3.7771241264574185
2024,14,OCO,Alpine,9.0,114.46,False,,0.0,1.0,22.02278481012658,0.0,,,9.0,2.0,1.0,,3.6331804249169903,-0.1750000000000113,,,4.341018825626595
2024,14,RIC,RB,13.0,114.682,False,,0.0,1.0,22.02278481012658,0.0,,,10.0,1.0,1.0,,2.8809720581775866,-1.9110000000000007,,,3.4009802508492557
2024,14,STR,Aston Martin,15.0,115.716,False,,0.0,1.0,22.02278481012658,0.0,,,11.0,0.0,1.0,,3.271085446759224,1.4579999999999984,,,3.5527766918598007
2024,14,ALB,Williams,10.0,114.473,False,,0.0,1.0,22.02278481012658,0.0,,,12.0,0.0,1.0,,3.507135583350036,-2.757000000000005,,,3.741657386773944
2024,14,GAS,Alpine,12.0,114.635,False,,0.0,1.0,22.02278481012658,0.0,,,13.0,0.0,1.0,,5.856620185738529,0.1750000000000113,,,4.599516882842763
2024,14,MAG,Haas F1 Team,17.0,116.5,False,,0.0,1.0,22.02278481012658,0.0,,,14.0,0.0,1.0,,3.4205262752974144,0.191999999999993,,,4.21109645262768
2024,14,BOT,Kick Sauber,14.0,114.764,False,,0.0,1.0,22.02278481012658,0.0,,,15.0,0.0,1.0,,1.303840481040531,-3.01100000000001,,,1.9321835661585938
2024,14,TSU,RB,20.0,116.593,False,,0.0,1.0,22.02278481012658,0.0,,,16.0,0.0,1.0,,3.96232255123179,1.9110000000000007,,,3.1710495984067415
2024,14,SAR,Williams,18.0,117.23,False,,0.0,1.0,22.02278481012658,0.0,,,17.0,0.0,1.0,,3.7815340802378072,2.757000000000005,,,3.922867431979942
2024,14,HUL,Haas F1 Team,16.0,116.308,False,,0.0,1.0,22.02278481012658,0.0,,,18.0,0.0,1.0,,3.209361307176242,-0.191999999999993,,,3.6040101122068195
2024,14,ZHO,Kick Sauber,19.0,117.775,False,,0.0,1.0,22.02278481012658,0.0,,,19.0,0.0,1.0,,2.4083189157584592,3.01100000000001,,,1.6996731711975965
2024,14,RUS,Mercedes,6.0,114.095,False,,0.0,1.0,22.02278481012658,0.0,,,20.0,0.0,1.0,,7.176350047203662,0.2600000000000051,,,5.437523946307423
2024,15,NOR,McLaren,1.0,69.673,False,,0.0,0.0,30.14050632911392,0.0,,1.0,1.0,26.0,,,7.700649323271382,-0.4989999999999952,,,5.633234713140685
2024,15,VER,Red Bull Racing,2.0,70.029,False,,0.0,0.0,30.14050632911392,0.0,,1.0,2.0,18.0,,,1.816590212458497,-0.3870000000000004,,,4.3576242252962665
2024,15,LEC,Ferrari,6.0,70.582,False,,0.0,0.0,30.14050632911392,0.0,,1.0,3.0,15.0,,,4.827007354458868,-0.3320000000000078,,,3.529242915351051
2024,15,PIA,McLaren,3.0,70.172,False,,0.0,0.0,30.14050632911392,0.0,,1.0,4.0,12.0,,,2.3874672772626644,0.4989999999999952,,,5.696977756280556
2024,15,SAI,Ferrari,10.0,70.914,False,,0.0,0.0,30.14050632911392,0.0,,1.0,5.0,10.0,,,1.3038404810405284,0.3320000000000078,,,3.66515120197426
2024,15,PER,Red Bull Racing,5.0,70.416,False,,0.0,0.0,30.14050632911392,0.0,,1.0,6.0,8.0,,,4.381780460041329,0.3870000000000004,,,4.398231968012197
2024,15,RUS,Mercedes,4.0,70.244,False,,0.0,0.0,30.14050632911392,0.0,,1.0,7.0,6.0,,,8.677557259966655,-0.7039999999999935,,,7.125073099040223
2024,15,HAM,Mercedes,14.0,70.948,False,,0.0,0.0,30.14050632911392,0.0,,1.0,8.0,4.0,,,1.3416407864998727,0.7039999999999935,,,7.214183560490017
2024,15,GAS,Alpine,9.0,70.815,False,,0.0,0.0,30.14050632911392,0.0,,1.0,9.0,2.0,,,5.319774431308155,-1.1800000000000068,,,4.448470398787536
2024,15,ALO,Aston Martin,7.0,70.633,False,,0.0,0.0,30.14050632911392,0.0,,1.0,10.0,1.0,,,4.09878030638384,-0.0280000000000057,,,3.293090409394266
2024,15,HUL,Haas F1 Team,12.0,71.215,False,,0.0,0.0,30.14050632911392,0.0,,1.0,11.0,0.0,,,5.06951674225463,-0.0799999999999983,,,4.26874949162191
2024,15,RIC,RB,13.0,71.943,False,,0.0,0.0,30.14050632911392,0.0,,1.0,12.0,0.0,,,2.387467277262664,0.9879999999999995,,,3.3349995835415367
2024,15,STR,Aston Martin,8.0,70.661,False,,0.0,0.0,30.14050632911392,0.0,,1.0,13.0,0.0,,,2.7386127875258293,0.0280000000000057,,,3.299831645537229
2024,15,ALB,Williams,19.0,70.653,False,,0.0,0.0,30.14050632911392,0.0,,1.0,14.0,0.0,,,3.361547262794321,,,,3.645392830531287
2024,15,OCO,Alpine,15.0,71.995,False,,0.0,0.0,30.14050632911392,0.0,,1.0,15.0,0.0,,,3.872983346207417,1.1800000000000068,,,4.448470398787536
2024,15,SAR,Williams,18.0,,False,,0.0,0.0,30.14050632911392,,,,16.0,0.0,,,3.492849839314596,,,,3.521363372331804
2024,15,TSU,RB,11.0,70.955,False,,0.0,0.0,30.14050632911392,0.0,,1.0,17.0,0.0,,,4.159326868617084,-0.9879999999999995,,,3.238655413730965
2024,15,MAG,Haas F1 Team,20.0,71.295,False,,0.0,0.0,30.14050632911392,0.0,,1.0,18.0,0.0,,,3.4205262752974144,0.0799999999999983,,,4.26874949162191
2024,15,BOT,Kick Sauber,16.0,72.168,False,,0.0,0.0,30.14050632911392,0.0,,1.0,19.0,0.0,,,0.5477225575051698,-1.092999999999989,,,1.8973665961010286
2024,15,ZHO,Kick Sauber,17.0,73.261,False,,0.0,0.0,30.14050632911392,0.0,,1.0,20.0,0.0,,,2.489979919597747,1.092999999999989,,,2.0575065816014626
2024,16,LEC,Ferrari,4.0,79.461,False,,0.0,0.0,48.73037974683544,1.0,,1.0,1.0,25.0,,,5.1478150704935,-0.0060000000000002,,,3.6817870057290905
2024,16,PIA,McLaren,2.0,79.436,False,,0.0,0.0,48.73037974683544,1.0,,1.0,2.0,18.0,,,1.3416407864998734,0.1090000000000088,,,1.3374935098491998
2024,16,NOR,McLaren,1.0,79.327,False,,0.0,0.0,48.73037974683544,1.0,,1.0,3.0,16.0,,,7.854934754662192,-0.1090000000000088,,,5.641118880348303
2024,16,SAI,Ferrari,5.0,79.467,False,,0.0,0.0,48.73037974683544,1.0,,1.0,4.0,12.0,,,1.2247448713915876,0.0060000000000002,,,3.52766841475279
2024,16,HAM,Mercedes,6.0,79.513,False,,0.0,0.0,48.73037974683544,1.0,,1.0,5.0,10.0,,,2.880972058177586,0.0730000000000075,,,7.052186422190873
2024,16,VER,Red Bull Racing,7.0,79.662,False,,0.0,0.0,48.73037974683544,1.0,,1.0,6.0,8.0,,,1.5165750888103124,-0.3999999999999915,,,4.270050741306633
2024,16,RUS,Mercedes,3.0,79.44,False,,0.0,0.0,48.73037974683544,1.0,,1.0,7.0,6.0,,,8.215838362577491,-0.0730000000000075,,,7.008724721532598
2024,16,PER,Red Bull Racing,8.0,80.062,False,,0.0,0.0,48.73037974683544,1.0,,1.0,8.0,4.0,,,4.604345773288535,0.3999999999999915,,,4.237399621885521
2024,16,ALB,Williams,9.0,80.299,False,,0.0,0.0,48.73037974683544,1.0,,1.0,9.0,2.0,,,2.3874672772626617,-0.7620000000000005,,,3.0623157540948966
2024,16,MAG,Haas F1 Team,13.0,80.698,False,,0.0,0.0,48.73037974683544,1.0,,1.0,10.0,1.0,,,3.714835124201342,0.3589999999999946,,,4.077035960378848
2024,16,ALO,Aston Martin,11.0,80.421,False,,0.0,0.0,48.73037974683544,2.0,,1.0,11.0,0.0,,,4.123105625617661,-0.5919999999999987,,,3.2128215360057384
2024,16,COL,Williams,18.0,81.061,False,,0.0,0.0,48.73037974683544,1.0,,1.0,12.0,0.0,,,,0.7620000000000005,,,3.489667287547309
2024,16,RIC,RB,12.0,80.479,False,,0.0,0.0,48.73037974683544,1.0,,1.0,13.0,0.0,,,1.6431676725154982,-0.465999999999994,,,2.8205594401741574
2024,16,OCO,Alpine,15.0,80.764,False,,0.0,0.0,48.73037974683544,1.0,,1.0,14.0,0.0,,,3.5355339059327378,0.0259999999999962,,,4.001388647846042
2024,16,GAS,Alpine,14.0,80.738,False,,0.0,0.0,48.73037974683544,2.0,,1.0,15.0,0.0,,,5.319774431308155,-0.0259999999999962,,,4.263540521418536
2024,16,BOT,Kick Sauber,19.0,81.101,False,,0.0,0.0,48.73037974683544,1.0,,1.0,16.0,0.0,,,1.6431676725154998,-0.3439999999999941,,,1.8378731669453625
2024,16,HUL,Haas F1 Team,10.0,80.339,False,,0.0,0.0,48.73037974683544,2.0,,1.0,17.0,0.0,,,5.06951674225463,-0.3589999999999946,,,4.408325456829773
2024,16,ZHO,Kick Sauber,20.0,81.445,False,,0.0,0.0,48.73037974683544,2.0,,1.0,18.0,0.0,,,1.140175425099139,0.3439999999999941,,,1.8378731669453625
2024,16,STR,Aston Martin,17.0,81.013,False,,0.0,0.0,48.73037974683544,1.0,,1.0,19.0,0.0,,,2.489979919597745,0.5919999999999987,,,2.043961295567464
2024,16,TSU,RB,16.0,80.945,False,,0.0,0.0,48.73037974683544,1.0,,1.0,20.0,0.0,,,3.5637059362410923,0.465999999999994,,,2.590581230363393
2024,17,PIA,McLaren,2.0,101.686,False,,0.0,0.0,36.74871794871795,7.0,0.0,1.0,1.0,25.0,,,1.3416407864998734,-1.922999999999988,,,1.3984117975601464
2024,17,LEC,Ferrari,1.0,101.365,False,,0.0,0.0,36.74871794871795,4.0,0.0,1.0,2.0,18.0,,,5.1478150704935,-0.4400000000000119,,,3.47850542618522
2024,17,RUS,Mercedes,5.0,101.874,False,,0.0,0.0,36.74871794871795,5.0,0.2,0.8,3.0,15.0,,,6.685805860178711,-0.4150000000000062,,,6.201254353399443
2024,17,NOR,McLaren,15.0,103.609,False,,0.0,0.0,36.74871794871795,4.0,0.0,1.0,4.0,13.0,,,1.4832396974191326,1.922999999999988,,,1.3374935098491998
2024,17,VER,Red Bull Racing,6.0,102.023,False,,0.0,0.0,36.74871794871795,7.0,0.0,1.0,5.0,10.0,,,1.7888543819998337,0.2099999999999937,,,4.247875285886397
2024,17,ALO,Aston Martin,7.0,102.369,False,,0.0,0.0,36.74871794871795,6.0,0.0,1.0,6.0,8.0,,,1.5165750888103102,-1.0010000000000048,,,3.392802839999867
2024,17,ALB,Williams,9.0,102.84,False,,0.0,0.0,36.74871794871795,6.0,0.0,1.0,7.0,6.0,,,2.5099800796022227,0.3670000000000044,,,2.99814757623585
2024,17,COL,Williams,8.0,102.473,False,,0.0,0.0,36.74871794871795,7.0,0.0,1.0,8.0,4.0,,,,-0.3670000000000044,,,3.3482997343593848
2024,17,HAM,Mercedes,19.0,102.289,False,,0.0,0.0,36.74871794871795,6.0,0.1818181818181818,0.8181818181818182,9.0,2.0,,,2.966479394838265,0.4150000000000062,,,6.657493689236378
2024,17,BEA,Haas F1 Team,10.0,102.968,False,,0.0,0.0,36.74871794871795,6.0,0.0,1.0,10.0,1.0,,,,-0.1329999999999955,,,3.8355066303046788
2024,17,HUL,Haas F1 Team,12.0,103.101,False,,0.0,0.0,36.74871794871795,5.0,0.0,1.0,11.0,0.0,,,4.8476798574163285,0.1329999999999955,,,3.1198290551460284
2024,17,GAS,Alpine,18.0,103.088,False,,0.0,0.0,36.74871794871795,5.0,0.0,1.0,12.0,0.0,,,4.722287581247039,-1.416000000000011,,,3.9001424475410102
2024,17,RIC,RB,14.0,103.547,False,,0.0,0.0,36.74871794871795,4.0,0.0,1.0,13.0,0.0,,,1.224744871391589,0.5120000000000005,,,3.489667287547306
2024,17,ZHO,Kick Sauber,17.0,104.246,False,,0.0,0.0,36.74871794871795,5.0,0.0,1.0,14.0,0.0,,,0.8366600265340765,0.6280000000000001,,,1.71269767715535
2024,17,OCO,Alpine,20.0,104.504,False,,0.0,0.0,36.74871794871795,3.0,0.0,1.0,15.0,0.0,,,3.3615472627943226,1.416000000000011,,,3.5418137224372064
2024,17,BOT,Kick Sauber,16.0,103.618,False,,0.0,0.0,36.74871794871795,3.0,0.0,1.0,16.0,0.0,,,1.6431676725154998,-0.6280000000000001,,,1.8408935028645428
2024,17,PER,Red Bull Racing,4.0,101.813,False,,0.0,0.0,36.74871794871795,4.0,0.0,1.0,17.0,0.0,,,4.527692569068709,-0.2099999999999937,,,4.247875285886397
2024,17,SAI,Ferrari,3.0,101.805,False,,0.0,0.0,36.74871794871795,6.0,0.0,1.0,18.0,0.0,,,0.8366600265340735,0.4400000000000119,,,1.6633299933166246
2024,17,STR,Aston Martin,13.0,103.37,False,,0.0,0.0,36.74871794871795,5.0,0.0,1.0,19.0,0.0,,,4.472135954999579,1.0010000000000048,,,3.6270588023294588
2024,17,TSU,RB,11.0,103.035,False,,0.0,0.0,36.74871794871795,6.0,0.0,1.0,20.0,0.0,,,4.722287581247038,-0.5120000000000005,,,3.489667287547306
2024,18,NOR,McLaren,1.0,89.525,False,,0.0,0.0,31.96344086021505,1.0,,1.0,1.0,25.0,,,1.5811388300841898,-0.1149999999999948,,,1.4337208778403816
2024,18,VER,Red Bull Racing,2.0,89.68,False,,0.0,0.0,31.96344086021505,2.0,,1.0,2.0,18.0,,,1.5165750888103124,-0.8989999999999867,,,4.136557881996952
2024,18,PIA,McLaren,5.0,89.64,False,,0.0,0.0,31.96344086021505,1.0,,1.0,3.0,15.0,,,1.2247448713915887,0.1149999999999948,,,1.5055453054181076
2024,18,RUS,Mercedes,4.0,89.867,False,,0.0,0.0,31.96344086021505,1.0,,1.0,4.0,12.0,,,6.442049363362561,0.0260000000000104,,,5.059644256269405
2024,18,LEC,Ferrari,9.0,89.747,False,,0.0,0.0,31.96344086021505,1.0,,1.0,5.0,10.0,,,1.1401754250991365,-0.3610000000000042,,,4.779586221049314
2024,18,HAM,Mercedes,3.0,89.841,False,,0.0,0.0,31.96344086021505,1.0,,1.0,6.0,8.0,,,3.3466401061363014,-0.0260000000000104,,,5.23768396653839
2024,18,SAI,Ferrari,10.0,90.108,False,,0.0,0.0,31.96344086021505,1.0,,1.0,7.0,6.0,,,5.761944116355172,0.3610000000000042,,,4.7621190427978375
2024,18,ALO,Aston Martin,7.0,90.214,False,,0.0,0.0,31.96344086021505,1.0,,1.0,8.0,4.0,,,2.16794833886788,-0.8799999999999955,,,4.237399621885527
2024,18,HUL,Haas F1 Team,6.0,90.115,False,,0.0,0.0,31.96344086021505,1.0,,1.0,9.0,2.0,,,3.316624790355399,-0.5380000000000109,,,3.1989581637360254
2024,18,PER,Red Bull Racing,13.0,90.579,False,,0.0,0.0,31.96344086021505,0.0,,1.0,10.0,1.0,,,4.527692569068709,0.8989999999999867,,,4.001388647846033
2024,18,COL,Williams,12.0,90.481,False,,0.0,0.0,31.96344086021505,0.0,,1.0,11.0,0.0,,,,0.0069999999999907,,,4.34101882562659
2024,18,TSU,RB,8.0,90.289,False,,0.0,0.0,31.96344086021505,1.0,,1.0,12.0,0.0,,,4.505552130427524,-0.7959999999999923,,,3.9665266081716024
2024,18,OCO,Alpine,15.0,90.769,False,,0.0,0.0,31.96344086021505,0.0,,1.0,13.0,0.0,,,3.271085446759226,-0.5429999999999922,,,3.020301677353153
2024,18,STR,Aston Martin,17.0,91.094,False,,0.0,0.0,31.96344086021505,0.0,,1.0,14.0,0.0,,,4.335896677735759,0.8799999999999955,,,4.403281604540974
2024,18,ZHO,Kick Sauber,20.0,92.054,False,,0.0,0.0,31.96344086021505,0.0,,1.0,15.0,0.0,,,2.345207879911716,0.4819999999999993,,,2.043961295567452
2024,18,BOT,Kick Sauber,19.0,91.572,False,,0.0,0.0,31.96344086021505,0.0,,1.0,16.0,0.0,,,1.5165750888103116,-0.4819999999999993,,,2.043961295567452
2024,18,GAS,Alpine,18.0,91.312,False,,0.0,0.0,31.96344086021505,0.0,,1.0,17.0,0.0,,,4.08656334834051,0.5429999999999922,,,3.496029493900513
2024,18,RIC,RB,16.0,91.085,False,,0.0,0.0,31.96344086021505,0.0,,1.0,18.0,0.0,,,1.224744871391589,0.7959999999999923,,,3.881580434135902
2024,18,MAG,Haas F1 Team,14.0,90.653,False,,0.0,0.0,31.96344086021505,0.0,,1.0,19.0,0.0,,,3.0331501776206204,0.5380000000000109,,,3.5292429153510527
2024,18,ALB,Williams,11.0,90.474,False,,0.0,0.0,31.96344086021505,0.0,,1.0,20.0,0.0,,,3.114482300479484,-0.0069999999999907,,,3.6575644598253896
2024,19,LEC,Ferrari,4.0,92.74,True,4.0,5.0,0.0,38.217333333333336,1.0,,1.0,1.0,25.0,,,1.4832396974191315,0.0879999999999938,,,4.788875998951461
2024,19,SAI,Ferrari,3.0,92.652,True,2.0,7.0,0.0,38.217333333333336,1.0,,1.0,2.0,18.0,,,5.700877125495689,-0.0879999999999938,,,4.939635614091389
2024,19,VER,Red Bull Racing,2.0,92.361,True,1.0,8.0,0.0,38.217333333333336,1.0,,1.0,3.0,15.0,,,1.7888543819998337,-0.6589999999999918,,,4.398231968012197
2024,19,NOR,McLaren,1.0,92.33,True,3.0,6.0,0.0,38.217333333333336,1.0,,1.0,4.0,12.0,,,1.7888543819998317,-0.6200000000000045,,,1.4298407059684255
2024,19,PIA,McLaren,5.0,92.95,True,10.0,0.0,0.0,38.217333333333336,1.0,,1.0,5.0,10.0,,,1.1401754250991376,0.6200000000000045,,,1.2692955176439211
2024,19,RUS,Mercedes,20.0,92.974,True,5.0,4.0,0.0,38.217333333333336,0.0,,1.0,6.0,8.0,,,6.833739825307954,-1.1799999999999926,,,6.11827862501646
2024,19,PER,Red Bull Racing,9.0,93.02,True,9.0,0.0,0.0,38.217333333333336,1.0,,1.0,7.0,6.0,,,4.39317652729776,0.6589999999999918,,,4.398231968012197
2024,19,HUL,Haas F1 Team,11.0,93.544,True,8.0,1.0,0.0,38.217333333333336,0.0,,1.0,8.0,4.0,,,4.02492235949962,0.0699999999999931,,,3.945461527713418
2024,19,LAW,RB,19.0,93.339,True,16.0,0.0,0.0,38.217333333333336,0.0,,1.0,9.0,2.0,,,,-0.1670000000000016,,,3.5730472522297614
2024,19,COL,Williams,15.0,94.062,True,12.0,0.0,0.0,38.217333333333336,0.0,,1.0,10.0,1.0,,,,0.0109999999999956,,,4.294699575575043
2024,19,MAG,Haas F1 Team,8.0,93.474,True,7.0,2.0,0.0,38.217333333333336,1.0,,1.0,11.0,0.0,,,3.5637059362410923,-0.0699999999999931,,,4.00138864784604
2024,19,GAS,Alpine,6.0,93.018,True,14.0,0.0,0.0,38.217333333333336,1.0,,1.0,12.0,0.0,,,3.033150177620621,-0.5789999999999935,,,2.616188916046485
2024,19,ALO,Aston Martin,7.0,93.309,True,18.0,0.0,0.0,38.217333333333336,0.0,,1.0,13.0,0.0,,,1.9493588689617924,-0.4500000000000028,,,4.433458644845535
2024,19,TSU,RB,10.0,93.506,True,11.0,0.0,0.0,38.217333333333336,0.0,,1.0,14.0,0.0,,,3.3166247903554,0.1670000000000016,,,3.7416573867739387
2024,19,STR,Aston Martin,13.0,93.759,True,13.0,0.0,0.0,38.217333333333336,0.0,,1.0,15.0,0.0,,,3.633180424916989,0.4500000000000028,,,4.22163738639669
2024,19,ALB,Williams,14.0,94.051,True,17.0,0.0,0.0,38.217333333333336,0.0,,1.0,16.0,0.0,,,5.029910535983715,-0.0109999999999956,,,4.16866618689693
2024,19,BOT,Kick Sauber,16.0,94.152,True,20.0,0.0,0.0,38.217333333333336,0.0,,1.0,17.0,0.0,,,1.5165750888103116,-0.0759999999999934,,,2.043961295567453
2024,19,OCO,Alpine,12.0,93.597,True,15.0,0.0,0.0,38.217333333333336,0.0,,1.0,18.0,0.0,,,2.489979919597747,0.5789999999999935,,,2.6436506745197867
2024,19,ZHO,Kick Sauber,18.0,94.228,True,19.0,0.0,0.0,38.217333333333336,0.0,,1.0,19.0,0.0,,,2.5884358211089573,0.0759999999999934,,,1.9436506316151003
2024,19,HAM,Mercedes,17.0,94.154,True,6.0,3.0,0.0,38.217333333333336,0.0,,1.0,20.0,0.0,,,3.114482300479487,1.1799999999999926,,,5.1639777949432215
2024,20,SAI,Ferrari,1.0,75.946,False,,0.0,0.0,39.41234567901235,1.0,0.2857142857142857,0.7142857142857143,1.0,25.0,,,6.300793600809345,-0.3190000000000026,,,5.028805910838964
2024,20,NOR,McLaren,3.0,76.26,False,,0.0,0.0,39.41234567901235,0.0,0.2,0.8,2.0,18.0,,,1.51657508881031,-1.336999999999989,,,1.475729574745191
2024,20,LEC,Ferrari,4.0,76.265,False,,0.0,0.0,39.41234567901235,0.0,0.2857142857142857,0.7142857142857143,3.0,16.0,,,1.67332005306815,0.3190000000000026,,,5.028805910838964
2024,20,HAM,Mercedes,6.0,76.651,False,,0.0,0.0,39.41234567901235,2.0,0.3157894736842105,0.6842105263157895,4.0,12.0,,,6.024948132556827,0.2950000000000017,,,4.743416490252567
2024,20,RUS,Mercedes,5.0,76.356,False,,0.0,0.0,39.41234567901235,1.0,0.3157894736842105,0.6842105263157895,5.0,10.0,,,1.8165902124584912,-0.2950000000000017,,,4.863697724525604
2024,20,VER,Red Bull Racing,2.0,76.171,False,,0.0,0.0,39.41234567901235,0.0,0.0,1.0,6.0,8.0,,,1.816590212458497,-1.4399999999999975,,,5.5387523665332585
2024,20,MAG,Haas F1 Team,7.0,76.886,False,,0.0,0.0,39.41234567901235,1.0,0.0,1.0,7.0,6.0,,,4.03732584763727,-0.1090000000000088,,,4.1311822359545864
2024,20,PIA,McLaren,17.0,77.597,False,,0.0,0.0,39.41234567901235,0.0,0.375,0.625,8.0,4.0,,,1.581138830084189,1.336999999999989,,,1.3703203194062419
2024,20,HUL,Haas F1 Team,10.0,76.995,False,,0.0,0.0,39.41234567901235,2.0,0.0,1.0,9.0,2.0,,,3.492849839314595,0.1090000000000088,,,4.005551702879955
2024,20,GAS,Alpine,8.0,76.892,False,,0.0,0.0,39.41234567901235,1.0,0.0,1.0,10.0,1.0,,,3.082207001484489,-0.7250000000000085,,,2.6246692913372813
2024,20,STR,Aston Martin,14.0,77.294,False,,0.0,0.0,39.41234567901235,1.0,0.0,1.0,11.0,0.0,,,2.828427124746189,0.1259999999999905,,,4.427188724235737
2024,20,COL,Williams,16.0,77.558,False,,0.0,0.0,39.41234567901235,0.0,0.0,1.0,12.0,0.0,,,,0.5700000000000074,,,4.638007234913624
2024,20,OCO,Alpine,0.0,77.617,False,,0.0,0.0,39.41234567901235,0.0,0.0,1.0,13.0,0.0,,,1.870828693386972,0.7250000000000085,,,2.4244128727957697
2024,20,BOT,Kick Sauber,15.0,77.393,False,,0.0,0.0,39.41234567901235,1.0,0.0,1.0,14.0,0.0,,,1.3038404810405315,-0.679000000000002,,,1.9436506316151003
2024,20,ZHO,Kick Sauber,19.0,78.072,False,,0.0,0.0,39.41234567901235,0.0,0.0,1.0,15.0,0.0,,,2.5884358211089573,0.679000000000002,,,2.0138409955990966
2024,20,LAW,RB,12.0,77.162,False,,0.0,0.0,39.41234567901235,1.0,0.0,1.0,16.0,0.0,,,,0.0330000000000012,,,3.7357135269658377
2024,20,PER,Red Bull Racing,18.0,77.611,False,,0.0,0.0,39.41234567901235,0.0,0.0,1.0,17.0,0.0,,,4.39317652729776,1.4399999999999975,,,4.477102237434884
2024,20,ALO,Aston Martin,13.0,77.168,False,,0.0,0.0,39.41234567901235,1.0,0.0,1.0,18.0,0.0,,,2.701851217221259,-0.1259999999999905,,,4.263540521418535
2024,20,ALB,Williams,9.0,76.988,False,,0.0,0.0,39.41234567901235,0.0,0.0,1.0,19.0,0.0,,,5.263078946776306,-0.5700000000000074,,,4.137900702315394
2024,20,TSU,RB,11.0,77.129,False,,0.0,0.0,39.41234567901235,1.0,0.0,1.0,20.0,0.0,,,3.5777087639996634,-0.0330000000000012,,,3.614784456460253
2024,21,VER,Red Bull Racing,17.0,87.771,True,4.0,5.0,1.0,23.379439252336446,8.0,,,1.0,26.0,0.2631578947368421,0.7368421052631579,1.816590212458497,-0.3870000000000004,0.0,,5.295700562196133
2024,21,OCO,Alpine,4.0,84.475,True,13.0,0.0,1.0,23.379439252336446,11.0,,,2.0,18.0,0.4838709677419355,0.5161290322580645,2.073644135332773,-4.945000000000007,0.0,,4.164666186436131
2024,21,GAS,Alpine,13.0,89.42,True,7.0,2.0,1.0,23.379439252336446,10.0,,,3.0,15.0,0.238095238095238,0.7619047619047619,2.7748873851023226,4.945000000000007,0.0,,2.424412872795769
2024,21,RUS,Mercedes,2.0,83.578,True,6.0,3.0,1.0,23.379439252336446,12.0,,,4.0,12.0,0.5172413793103449,0.4827586206896552,1.581138830084185,-7.572000000000003,0.0,,4.948624949305501
2024,21,LEC,Ferrari,6.0,84.525,True,3.0,6.0,1.0,23.379439252336446,13.0,,,5.0,10.0,0.4827586206896552,0.5172413793103449,1.67332005306815,-4.881,0.0,,5.1682793182171505
2024,21,NOR,McLaren,1.0,83.405,True,1.0,8.0,1.0,23.379439252336446,12.0,,,6.0,8.0,0.5151515151515151,0.4848484848484848,1.3038404810405295,-1.281000000000006,0.0,,2.1108186931983073
2024,21,TSU,RB,3.0,84.111,True,15.0,0.0,1.0,23.379439252336446,11.0,,,7.0,6.0,0.5,0.5,3.898717737923586,-0.3729999999999904,0.0,,4.357624225296265
2024,21,PIA,McLaren,8.0,84.686,True,2.0,7.0,1.0,23.379439252336446,11.0,,,8.0,4.0,0.6428571428571429,0.3571428571428571,2.774887385102321,1.281000000000006,0.0,,2.270584848790156
2024,21,LAW,RB,5.0,84.484,True,9.0,0.0,1.0,23.379439252336446,12.0,,,9.0,2.0,0.5,0.5,,0.3729999999999904,0.0,,3.894440481849305
2024,21,HAM,Mercedes,14.0,91.15,True,11.0,0.0,1.0,23.379439252336446,5.0,,,10.0,1.0,0.0,1.0,6.534523701081817,7.572000000000003,0.0,,4.909175083453429
2024,21,PER,Red Bull Racing,12.0,88.158,True,8.0,1.0,1.0,23.379439252336446,8.0,,,11.0,0.0,0.2777777777777778,0.7222222222222222,4.868264577855234,0.3870000000000004,0.0,,5.216427044549852
2024,21,BEA,Haas F1 Team,15.0,91.229,True,14.0,0.0,1.0,23.379439252336446,4.0,,,12.0,0.0,0.0,1.0,,-0.3940000000000054,0.0,,3.871548642195909
2024,21,BOT,Kick Sauber,11.0,86.472,True,16.0,0.0,1.0,23.379439252336446,9.0,,,13.0,0.0,0.4285714285714285,0.5714285714285714,1.095445115010335,-5.791000000000011,0.0,,1.6329931618554545
2024,21,ALO,Aston Martin,9.0,85.035,True,18.0,0.0,1.0,23.379439252336446,9.0,,,14.0,0.0,0.3809523809523809,0.6190476190476191,4.658325879540846,-1.2990000000000066,0.0,,4.501851470969108
2024,21,ZHO,Kick Sauber,19.0,92.263,True,17.0,0.0,1.0,23.379439252336446,5.0,,,15.0,0.0,0.0,1.0,2.16794833886788,5.791000000000011,0.0,,1.8885620632287088
2024,21,SAI,Ferrari,20.0,89.406,True,5.0,4.0,1.0,23.379439252336446,7.0,,,16.0,0.0,0.1176470588235294,0.8823529411764706,6.877499545619759,4.881,0.0,,5.028805910838964
2024,21,COL,Williams,16.0,91.27,True,12.0,0.0,1.0,23.379439252336446,4.0,,,17.0,0.0,0.0,1.0,1.6733200530681511,6.613,0.0,,4.6439925351648315
2024,21,ALB,Williams,7.0,84.657,True,10.0,0.0,1.0,23.379439252336446,12.0,,,18.0,0.0,0.3571428571428571,0.5357142857142857,5.890670590009257,-6.613,0.1071428571428571,,4.501851470969103
2024,21,STR,Aston Martin,10.0,86.334,True,19.0,0.0,1.0,23.379439252336446,9.0,,,19.0,0.0,0.3157894736842105,0.6842105263157895,3.4351128074635326,1.2990000000000066,0.0,,4.423422506008976
2024,21,HUL,Haas F1 Team,18.0,91.623,True,20.0,0.0,1.0,23.379439252336446,5.0,,,20.0,0.0,0.0,1.0,3.633180424916989,0.3940000000000054,0.0,,3.306559138036615
2024,22,RUS,Mercedes,1.0,92.312,False,,0.0,0.0,14.06530612244898,3.0,0.04,0.96,1.0,25.0,,,1.140175425099131,-0.2549999999999954,,,5.253570214625477
2024,22,HAM,Mercedes,10.0,92.567,False,,0.0,0.0,14.06530612244898,3.0,0.0,1.0,2.0,18.0,,,6.180614856144977,0.2549999999999954,,,5.065131346328102
2024,22,SAI,Ferrari,2.0,92.41,False,,0.0,0.0,14.06530612244898,3.0,0.0,1.0,3.0,15.0,,,7.854934754662191,-0.3730000000000046,,,6.014796569941315
2024,22,LEC,Ferrari,4.0,92.783,False,,0.0,0.0,14.06530612244898,3.0,0.0,1.0,4.0,12.0,,,1.7888543819998308,0.3730000000000046,,,6.128258770283415
2024,22,VER,Red Bull Racing,5.0,92.797,False,,0.0,0.0,14.06530612244898,2.0,0.0,1.0,5.0,10.0,,,2.0736441353327737,-1.358000000000004,,,4.894441291460708
2024,22,NOR,McLaren,6.0,93.008,False,,0.0,0.0,14.06530612244898,2.0,0.0,1.0,6.0,9.0,,,1.949358868961793,-0.0160000000000053,,,2.573367875415813
2024,22,PIA,McLaren,8.0,93.024,False,,0.0,0.0,14.06530612244898,3.0,0.0,1.0,7.0,6.0,,,3.082207001484488,0.0160000000000053,,,2.6331223544175097
2024,22,HUL,Haas F1 Team,9.0,93.062,False,,0.0,0.0,14.06530612244898,3.0,0.0,1.0,8.0,4.0,,,4.9295030175464944,-0.2349999999999994,,,4.427188724235741
2024,22,TSU,RB,7.0,93.029,False,,0.0,0.0,14.06530612244898,3.0,0.0,1.0,9.0,2.0,,,5.549774770204643,-1.058000000000007,,,4.701063709417263
2024,22,PER,Red Bull Racing,15.0,94.155,False,,0.0,0.0,14.06530612244898,1.0,0.0,1.0,10.0,1.0,,,4.449719092257398,1.358000000000004,,,5.762908216439952
2024,22,ALO,Aston Martin,16.0,94.258,False,,0.0,0.0,14.06530612244898,1.0,0.0,1.0,11.0,0.0,,,4.816637831516919,-0.2259999999999991,,,4.423422506008976
2024,22,MAG,Haas F1 Team,12.0,93.297,False,,0.0,0.0,14.06530612244898,2.0,0.0,1.0,12.0,0.0,,,5.244044240850758,0.2349999999999994,,,4.550946177566947
2024,22,ZHO,Kick Sauber,13.0,93.566,False,,0.0,0.0,14.06530612244898,2.0,0.0,1.0,13.0,0.0,,,1.9493588689617924,-0.8640000000000043,,,1.8973665961010304
2024,22,COL,Williams,20.0,93.746,False,,0.0,0.0,14.06530612244898,2.0,0.0,1.0,14.0,0.0,,,3.361547262794322,-0.679000000000002,,,4.346134936801767
2024,22,STR,Aston Martin,18.0,94.484,False,,0.0,0.0,14.06530612244898,1.0,0.0,1.0,15.0,0.0,,,3.4351128074635326,0.2259999999999991,,,3.6757463338907344
2024,22,LAW,RB,14.0,94.087,False,,0.0,0.0,14.06530612244898,2.0,0.0,1.0,16.0,0.0,,,,1.058000000000007,,,4.661902329879223
2024,22,OCO,Alpine,11.0,93.221,False,,0.0,0.0,14.06530612244898,2.0,0.0,1.0,17.0,0.0,,,6.058052492344383,0.5570000000000022,,,5.963779562212765
2024,22,BOT,Kick Sauber,19.0,94.43,False,,0.0,0.0,14.06530612244898,1.0,0.0,1.0,18.0,0.0,,,1.6431676725155,0.8640000000000043,,,1.7126976771553541
2024,22,ALB,Williams,17.0,94.425,False,,0.0,0.0,14.06530612244898,1.0,0.0,1.0,19.0,0.0,,,5.24404424085076,0.679000000000002,,,4.756282395129859
2024,22,GAS,Alpine,3.0,92.664,False,,0.0,0.0,14.06530612244898,3.0,0.0,1.0,20.0,0.0,,,5.069516742254631,-0.5570000000000022,,,5.317685377847938
2024,23,VER,Red Bull Racing,2.0,80.52,True,8.0,1.0,0.0,21.72051282051282,0.0,,1.0,1.0,25.0,,,2.0736441353327737,-0.9050000000000012,,,5.762908216439952
2024,23,LEC,Ferrari,5.0,80.852,True,5.0,4.0,0.0,21.72051282051282,0.0,,1.0,2.0,18.0,,,1.67332005306815,-0.1889999999999929,,,4.398231968012199
2024,23,PIA,McLaren,4.0,80.829,True,1.0,8.0,0.0,21.72051282051282,0.0,,1.0,3.0,15.0,,,2.16794833886788,0.0569999999999879,,,2.469817807045675
2024,23,RUS,Mercedes,1.0,80.575,True,3.0,6.0,0.0,21.72051282051282,0.0,,1.0,4.0,12.0,,,1.8708286933869664,-0.4359999999999928,,,5.731007280089987
2024,23,GAS,Alpine,11.0,81.437,True,9.0,0.0,0.0,21.72051282051282,0.0,,1.0,5.0,10.0,,,6.580273550544841,-1.277000000000001,,,6.096447052723962
2024,23,SAI,Ferrari,7.0,81.041,True,4.0,5.0,0.0,21.72051282051282,0.0,,1.0,6.0,8.0,,,6.1400325732035,0.1889999999999929,,,4.477102237434886
2024,23,ALO,Aston Martin,8.0,81.208,True,11.0,0.0,0.0,21.72051282051282,0.0,,1.0,7.0,6.0,,,3.7013511046643495,-0.703000000000003,,,3.2930904093942677
2024,23,ZHO,Kick Sauber,12.0,81.501,True,19.0,0.0,0.0,21.72051282051282,0.0,,1.0,8.0,4.0,,,2.1908902300206643,-0.2299999999999897,,,2.4494897427831814
2024,23,MAG,Haas F1 Team,10.0,81.387,True,10.0,0.0,0.0,21.72051282051282,0.0,,1.0,9.0,2.0,,,4.43846820423443,-1.0549999999999926,,,4.661902329879231
2024,23,NOR,McLaren,3.0,80.772,True,2.0,7.0,0.0,21.72051282051282,0.0,,1.0,10.0,2.0,,,2.280350850198276,-0.0569999999999879,,,2.4494897427831557
2024,23,BOT,Kick Sauber,13.0,81.731,True,12.0,0.0,0.0,21.72051282051282,0.0,,1.0,11.0,0.0,,,2.0736441353327737,0.2299999999999897,,,2.0138409955990983
2024,23,HAM,Mercedes,6.0,81.011,True,6.0,3.0,0.0,21.72051282051282,0.0,,1.0,12.0,0.0,,,7.127411872482185,0.4359999999999928,,,5.432413009990229
2024,23,TSU,RB,14.0,81.771,True,17.0,0.0,0.0,21.72051282051282,0.0,,1.0,13.0,0.0,,,5.029910535983717,-0.6400000000000006,,,4.115013163202924
2024,23,LAW,RB,17.0,82.411,True,16.0,0.0,0.0,21.72051282051282,0.0,,1.0,14.0,0.0,,,,0.6400000000000006,,,4.447221354708779
2024,23,ALB,Williams,16.0,82.39,True,15.0,0.0,0.0,21.72051282051282,0.0,,1.0,15.0,0.0,,,1.5165750888103209,-0.2039999999999935,,,3.627058802329452
2024,23,HUL,Haas F1 Team,18.0,82.442,True,7.0,2.0,0.0,21.72051282051282,0.0,,1.0,16.0,0.0,,,5.167204273105525,1.0549999999999926,,,4.5521667612492305
2024,23,PER,Red Bull Racing,9.0,81.425,True,20.0,0.0,0.0,21.72051282051282,0.0,,1.0,17.0,0.0,,,3.6742346141747673,0.9050000000000012,,,4.894441291460708
2024,23,STR,Aston Martin,15.0,81.911,True,13.0,0.0,0.0,21.72051282051282,0.0,,1.0,18.0,0.0,,,2.863564212655269,0.703000000000003,,,3.497618237219922
2024,23,COL,Williams,19.0,82.594,True,18.0,0.0,0.0,21.72051282051282,0.0,,1.0,19.0,0.0,,,2.7748873851023217,0.2039999999999935,,,3.2812599206199238
2024,23,OCO,Alpine,20.0,82.714,True,14.0,0.0,0.0,21.72051282051282,0.0,,1.0,20.0,0.0,,,6.348228099241551,1.277000000000001,,,6.290204024248073
2024,24,NOR,McLaren,1.0,82.595,False,,0.0,0.0,29.67283950617285,2.0,,1.0,1.0,25.0,,,2.9664793948382653,-0.2090000000000031,,0.0,2.469817807045675
2024,24,SAI,Ferrari,3.0,82.824,False,,0.0,0.0,29.67283950617285,2.0,,1.0,2.0,18.0,,,6.107372593840987,-0.4780000000000086,,0.0,4.301162633521315
2024,24,LEC,Ferrari,19.0,83.302,False,,0.0,0.0,29.67283950617285,1.0,,1.0,3.0,15.0,,,1.5811388300841889,0.4780000000000086,,0.0,4.42342250600897
2024,24,HAM,Mercedes,16.0,83.887,False,,0.0,0.0,29.67283950617285,1.0,,0.8571428571428571,4.0,12.0,,,7.127411872482185,0.7549999999999955,,0.1428571428571428,5.731007280089987
2024,24,RUS,Mercedes,6.0,83.132,False,,0.0,0.0,29.67283950617285,3.0,,0.9473684210526316,5.0,10.0,,,1.8708286933869664,-0.7549999999999955,,0.0526315789473684,3.392802839999857
2024,24,VER,Red Bull Racing,4.0,82.945,False,,0.0,0.0,29.67283950617285,2.0,,1.0,6.0,8.0,,,2.280350850198277,-0.3190000000000026,,0.0,7.015063158027239
2024,24,GAS,Alpine,5.0,82.984,False,,0.0,0.0,29.67283950617285,2.0,,1.0,7.0,6.0,,,6.670832032063168,-1.121000000000009,,0.0,6.9290050592499295
2024,24,HUL,Haas F1 Team,7.0,82.886,False,,0.0,0.0,29.67283950617285,2.0,,1.0,8.0,4.0,,,5.495452665613634,-0.7460000000000093,,0.0,4.077035960378853
2024,24,ALO,Aston Martin,8.0,83.196,False,,0.0,0.0,29.67283950617285,3.0,,0.9473684210526316,9.0,2.0,,,4.03732584763727,-0.5330000000000013,,0.0526315789473684,3.7549966711037257
2024,24,PIA,McLaren,2.0,82.804,False,,0.0,0.0,29.67283950617285,2.0,,1.0,10.0,1.0,,,2.16794833886788,0.2090000000000031,,0.0,2.8751811537130263
2024,24,ALB,Williams,18.0,83.821,False,,0.0,0.0,29.67283950617285,0.0,,1.0,11.0,0.0,,,1.816590212458504,-0.0910000000000081,,0.0,3.142893217686178
2024,24,TSU,RB,11.0,83.419,False,,0.0,0.0,29.67283950617285,1.0,,1.0,12.0,0.0,,,5.029910535983717,-0.0529999999999972,,0.0,4.089281382128433
2024,24,ZHO,Kick Sauber,15.0,83.88,False,,0.0,0.0,29.67283950617285,0.0,,1.0,13.0,0.0,,,4.0,0.6760000000000019,,0.0,3.405877273185283
2024,24,STR,Aston Martin,13.0,83.729,False,,0.0,0.0,29.67283950617285,1.0,,1.0,14.0,0.0,,,3.130495168499704,0.5330000000000013,,0.0,4.083843505544481
2024,24,DOO,Alpine,17.0,84.105,False,,0.0,0.0,29.67283950617285,1.0,,1.0,15.0,0.0,,,,1.121000000000009,,0.0,6.863753427324667
2024,24,MAG,Haas F1 Team,14.0,83.632,False,,0.0,0.0,29.67283950617285,1.0,,1.0,16.0,0.0,,,4.560701700396552,0.7460000000000093,,0.0,4.077035960378853
2024,24,LAW,RB,12.0,83.472,False,,0.0,0.0,29.67283950617285,1.0,,1.0,17.0,0.0,,,3.5637059362410923,0.0529999999999972,,0.0,4.110960958218894
2024,24,BOT,Kick Sauber,9.0,83.204,False,,0.0,0.0,29.67283950617285,3.0,,1.0,18.0,0.0,,,2.880972058177588,-0.6760000000000019,,0.0,3.3015148038438387
2024,24,COL,Williams,20.0,83.912,False,,0.0,0.0,29.67283950617285,0.0,,1.0,19.0,0.0,,,3.646916505762094,0.0910000000000081,,0.0,3.502380143083653
2024,24,PER,Red Bull Racing,10.0,83.264,False,,0.0,0.0,29.67283950617285,2.0,,1.0,20.0,0.0,,,4.449719092257398,0.3190000000000026,,0.0,5.88406511029766
2025,1,NOR,McLaren,1.0,75.096,False,,0.0,,,,,,1.0,25.0,,,,-0.0840000000000031,,,3.178049716414127
2025,1,VER,Red Bull,3.0,75.481,False,,0.0,,,,,,2.0,18.0,,,,-1.6129999999999995,,,6.756889488185785
2025,1,RUS,Mercedes,4.0,75.546,False,,0.0,,,,,,3.0,15.0,,,,-0.9789999999999992,,,3.3813212407775333
2025,1,ANT,Mercedes,16.0,76.525,False,,0.0,,,,,,4.0,12.0,,,,0.9789999999999992,,,3.3813212407775333
2025,1,ALB,Williams,6.0,75.737,False,,0.0,,,,,,5.0,10.0,,,,-0.3250000000000028,,,3.0930028559098783
2025,1,STR,Aston Martin,13.0,76.483,False,,0.0,,,,,,6.0,8.0,,,,0.0300000000000011,,,3.9510898637099063
2025,1,HUL,Sauber,17.0,76.579,False,,0.0,,,,,,7.0,6.0,,,,-0.9410000000000024,,,
2025,1,LEC,Ferrari,7.0,75.755,False,,0.0,,,,,,8.0,4.0,,,,-0.2180000000000035,,,4.589843860815604
2025,1,PIA,McLaren,2.0,75.18,False,,0.0,,,,,,9.0,2.0,,,,0.0840000000000031,,,3.33333333333332
2025,1,HAM,Ferrari,8.0,75.973,False,,0.0,,,,,,10.0,1.0,,,,0.2180000000000035,,,4.301162633521315
2025,1,GAS,Alpine F1 Team,9.0,75.98,False,,0.0,,,,,,11.0,0.0,,,,-0.8829999999999956,,,4.900113377373128
2025,1,TSU,RB F1 Team,5.0,75.67,False,,0.0,,,,,,12.0,0.0,,,,-0.5049999999999955,,,
2025,1,OCO,Haas F1 Team,19.0,77.147,False,,0.0,,,,,,13.0,0.0,,,,,,,4.2895221179054515
2025,1,BEA,Haas F1 Team,20.0,,False,,0.0,,,,,,14.0,0.0,,,,,,,4.3474130238568405
2025,1,LAW,Red Bull,18.0,77.094,False,,0.0,,,,,,15.0,0.0,,,,1.6129999999999995,,,6.09553570701998
2025,1,BOR,Sauber,15.0,77.52,False,,0.0,,,,,,16.0,0.0,,,,0.9410000000000024,,,
2025,1,ALO,Aston Martin,12.0,76.453,False,,0.0,,,,,,17.0,0.0,,,,-0.0300000000000011,,,4.060651288757623
2025,1,SAI,Williams,10.0,76.062,False,,0.0,,,,,,18.0,0.0,,,,0.3250000000000028,,,4.5570458267025
2025,1,DOO,Alpine F1 Team,14.0,76.863,False,,0.0,,,,,,19.0,0.0,,,,0.8829999999999956,,,3.9214509786273934
2025,1,HAD,RB F1 Team,11.0,76.175,False,,0.0,,,,,,20.0,0.0,,,,0.5049999999999955,,,
2025,2,PIA,McLaren,1.0,90.641,True,2.0,7.0,,,,,,1.0,25.0,,,,-0.152000000000001,,,3.653004851412649
2025,2,NOR,McLaren,3.0,90.793,True,8.0,1.0,,,,,,2.0,18.0,,,,0.152000000000001,,,3.4140233677518186
2025,2,RUS,Mercedes,2.0,90.723,True,4.0,5.0,,,,,,3.0,15.0,,,,-0.3799999999999954,,,2.9907264074877244
2025,2,VER,Red Bull,4.0,90.817,True,3.0,6.0,,,,,,4.0,12.0,,,,-1.3570000000000135,,,7.007932013876213
2025,2,OCO,Haas F1 Team,11.0,91.625,True,16.0,0.0,,,,,,5.0,10.0,,,,-0.3930000000000007,,,4.168666186896936
2025,2,ANT,Mercedes,8.0,91.103,True,7.0,2.0,,,,,,6.0,8.0,,,,0.3799999999999954,,,3.446415206816753
2025,2,ALB,Williams,10.0,91.706,True,11.0,0.0,,,,,,7.0,6.0,,,,-0.1340000000000003,,,4.527692569068709
2025,2,BEA,Haas F1 Team,17.0,92.018,True,15.0,0.0,,,,,,8.0,4.0,,,,0.3930000000000007,,,3.881580434135911
2025,2,STR,Aston Martin,14.0,91.773,True,9.0,0.0,,,,,,9.0,2.0,,,,0.0849999999999937,,,4.738729318662927
2025,2,SAI,Williams,15.0,91.84,True,17.0,0.0,,,,,,10.0,1.0,,,,0.1340000000000003,,,5.1467357508316764
2025,2,HAD,RB F1 Team,7.0,91.079,True,13.0,0.0,,,,,,11.0,0.0,,,,-0.5590000000000117,,,
2025,2,LAW,Red Bull,20.0,92.174,True,14.0,0.0,,,,,,12.0,0.0,,,,1.3570000000000135,,,6.696599468718766
2025,2,DOO,Alpine F1 Team,18.0,92.092,True,20.0,0.0,,,,,,13.0,0.0,,,,0.0999999999999943,,,4.762119042797833
2025,2,BOR,Sauber,19.0,92.141,True,18.0,0.0,,,,,,14.0,0.0,,,,0.5090000000000003,,,
2025,2,HUL,Sauber,12.0,91.632,True,19.0,0.0,,,,,,15.0,0.0,,,,-0.5090000000000003,,,
2025,2,TSU,RB F1 Team,9.0,91.638,True,6.0,3.0,,,,,,16.0,0.0,,,,0.5590000000000117,,,
2025,2,ALO,Aston Martin,13.0,91.688,True,10.0,0.0,,,,,,17.0,0.0,,,,-0.0849999999999937,,,4.570436400267369
2025,2,LEC,Ferrari,6.0,91.021,True,5.0,4.0,,,,,,18.0,0.0,,,,0.093999999999994,,,6.019413038937715
2025,2,HAM,Ferrari,5.0,90.927,True,1.0,8.0,,,,,,19.0,0.0,,,,-0.093999999999994,,,4.408325456829766
2025,2,GAS,Alpine F1 Team,16.0,91.992,True,12.0,0.0,,,,,,20.0,0.0,,,,-0.0999999999999943,,,4.5018514709691
2025,3,VER,Red Bull,1.0,86.983,False,,0.0,,,,,,1.0,25.0,,,,-1.016999999999996,,,5.359311730271177
2025,3,NOR,McLaren,2.0,86.995,False,,0.0,,,,,,2.0,18.0,,,,-0.0319999999999964,,,3.8297084310253386
2025,3,PIA,McLaren,3.0,87.027,False,,0.0,,,,,,3.0,15.0,,,,0.0319999999999964,,,3.9214509786273832
2025,3,LEC,Ferrari,4.0,87.299,False,,0.0,,,,,,4.0,12.0,,,,-0.3109999999999928,,,6.250333324444923
2025,3,RUS,Mercedes,5.0,87.318,False,,0.0,,,,,,5.0,10.0,,,,-0.2370000000000089,,,2.9363620727393624
2025,3,ANT,Mercedes,6.0,87.555,False,,0.0,,,,,,6.0,8.0,,,,0.2370000000000089,,,3.025814858109389
2025,3,HAM,Ferrari,8.0,87.61,False,,0.0,,,,,,7.0,6.0,,,,0.3109999999999928,,,6.363961030678932
2025,3,HAD,RB F1 Team,7.0,87.569,False,,0.0,,,,,,8.0,4.0,,,,-0.3370000000000033,,,
2025,3,ALB,Williams,9.0,87.615,False,,0.0,,,,,,9.0,2.0,,,,-0.2210000000000036,,,5.229191567005789
2025,3,BEA,Haas F1 Team,10.0,87.867,False,,0.0,,,,,,10.0,1.0,,,,-0.8289999999999935,,,3.8137179293236336
2025,3,ALO,Aston Martin,12.0,87.897,False,,0.0,,,,,,11.0,0.0,,,,-1.3739999999999952,,,4.448470398787537
2025,3,TSU,Red Bull,14.0,88.0,False,,0.0,,,,,,12.0,0.0,,,,1.016999999999996,,,6.832113712298544
2025,3,GAS,Alpine F1 Team,11.0,87.822,False,,0.0,,,,,,13.0,0.0,,,,-1.0549999999999926,,,4.96655480858378
2025,3,SAI,Williams,15.0,87.836,False,,0.0,,,,,,14.0,0.0,,,,0.2210000000000036,,,5.056349144063006
2025,3,DOO,Alpine F1 Team,19.0,88.877,False,,0.0,,,,,,15.0,0.0,,,,1.0549999999999926,,,4.8579831205964465
2025,3,HUL,Sauber,16.0,88.57,False,,0.0,,,,,,16.0,0.0,,,,-0.0520000000000067,,,
2025,3,LAW,RB F1 Team,13.0,87.906,False,,0.0,,,,,,17.0,0.0,,,,0.3370000000000033,,,
2025,3,OCO,Haas F1 Team,18.0,88.696,False,,0.0,,,,,,18.0,0.0,,,,0.8289999999999935,,,3.695342413844169
2025,3,BOR,Sauber,17.0,88.622,False,,0.0,,,,,,19.0,0.0,,,,0.0520000000000067,,,
2025,3,STR,Aston Martin,20.0,89.271,False,,0.0,,,,,,20.0,0.0,,,,1.3739999999999952,,,4.448470398787537
2025,4,PIA,McLaren,1.0,89.841,False,,0.0,,,,,,1.0,25.0,,,,-0.4260000000000019,,,3.274480450731395
2025,4,RUS,Mercedes,3.0,90.009,False,,0.0,,,,,,2.0,18.0,,,,-0.2039999999999935,,,2.330951164939608
2025,4,NOR,McLaren,6.0,90.267,False,,0.0,,,,,,3.0,15.0,,,,0.4260000000000019,,,3.8528488738132873
2025,4,LEC,Ferrari,2.0,90.175,False,,0.0,,,,,,4.0,12.0,,,,-0.5970000000000084,,,5.9217114643206585
2025,4,HAM,Ferrari,9.0,90.772,False,,0.0,,,,,,5.0,10.0,,,,0.5970000000000084,,,6.17251974480439
2025,4,VER,Red Bull,7.0,90.423,False,,0.0,,,,,,6.0,8.0,,,,-0.8799999999999955,,,5.436502143433365
2025,4,GAS,Alpine F1 Team,4.0,90.216,False,,0.0,,,,,,7.0,6.0,,,,-1.0290000000000106,,,4.570436400267364
2025,4,OCO,Haas F1 Team,14.0,91.594,False,,0.0,,,,,,8.0,4.0,,,,-0.7790000000000106,,,4.040077006966862
2025,4,TSU,Red Bull,10.0,91.303,False,,0.0,,,,,,9.0,2.0,,,,0.8799999999999955,,,5.359311730271177
2025,4,BEA,Haas F1 Team,20.0,92.373,False,,0.0,,,,,,10.0,1.0,,,,0.7790000000000106,,,4.295992965026321
2025,4,ANT,Mercedes,5.0,90.213,False,,0.0,,,,,,11.0,0.0,,,,0.2039999999999935,,,2.6161889160464744
2025,4,ALB,Williams,15.0,92.04,False,,0.0,,,,,,12.0,0.0,,,,1.3599999999999994,,,5.056349144063006
2025,4,HAD,RB F1 Team,12.0,91.271,False,,0.0,,,,,,13.0,0.0,,,,-0.8940000000000055,,,4.427188724235731
2025,4,DOO,Alpine F1 Team,11.0,91.245,False,,0.0,,,,,,14.0,0.0,,,,1.0290000000000106,,,4.922736366426029
2025,4,ALO,Aston Martin,13.0,91.886,False,,0.0,,,,,,15.0,0.0,,,,-0.3970000000000055,,,5.028805910838969
2025,4,LAW,RB F1 Team,17.0,92.165,False,,0.0,,,,,,16.0,0.0,,,,0.8940000000000055,,,4.059087394500207
2025,4,STR,Aston Martin,19.0,92.283,False,,0.0,,,,,,17.0,0.0,,,,0.3970000000000055,,,4.623610902506593
2025,4,BOR,Sauber,18.0,92.186,False,,0.0,,,,,,18.0,0.0,,,,0.1190000000000139,,,4.037325847637271
2025,4,SAI,Williams,8.0,90.68,False,,0.0,,,,,,19.0,0.0,,,,-1.3599999999999994,,,4.993328882953071
2025,4,HUL,Sauber,16.0,92.067,False,,0.0,,,,,,20.0,0.0,,,,-0.1190000000000139,,,3.915780041490244
2025,5,PIA,McLaren,2.0,87.304,False,,0.0,,,,,,1.0,25.0,,,,-0.1769999999999925,,,3.2727833889689326
2025,5,VER,Red Bull,1.0,87.294,False,,0.0,,,,,,2.0,18.0,,,,-0.9099999999999966,,,6.297265720577112
2025,5,LEC,Ferrari,4.0,87.67,False,,0.0,,,,,,3.0,15.0,,,,-0.5309999999999917,,,5.79655069847578
2025,5,NOR,McLaren,10.0,87.481,False,,0.0,,,,,,4.0,12.0,,,,0.1769999999999925,,,3.3681514877517458
2025,5,RUS,Mercedes,3.0,87.407,False,,0.0,,,,,,5.0,10.0,,,,-0.4590000000000032,,,2.514402955419478
2025,5,ANT,Mercedes,5.0,87.866,False,,0.0,,,,,,6.0,8.0,,,,0.4590000000000032,,,2.514402955419478
2025,5,HAM,Ferrari,7.0,88.201,False,,0.0,,,,,,7.0,6.0,,,,0.5309999999999917,,,6.036923425424948
2025,5,SAI,Williams,6.0,88.164,False,,0.0,,,,,,8.0,4.0,,,,0.0550000000000068,,,5.0946595132114165
2025,5,ALB,Williams,11.0,88.109,False,,0.0,,,,,,9.0,2.0,,,,-0.0550000000000068,,,4.993328882953071
2025,5,HAD,RB F1 Team,14.0,88.418,False,,0.0,,,,,,10.0,1.0,,,,0.2270000000000038,,,3.833592123769634
2025,5,ALO,Aston Martin,13.0,88.303,False,,0.0,,,,,,11.0,0.0,,,,-0.3419999999999987,,,4.527692569068715
2025,5,LAW,RB F1 Team,12.0,88.191,False,,0.0,,,,,,12.0,0.0,,,,-0.2270000000000038,,,3.8405728739343044
2025,5,BEA,Haas F1 Team,15.0,88.648,False,,0.0,,,,,,13.0,0.0,,,,-0.4440000000000026,,,4.109609335312663
2025,5,OCO,Haas F1 Team,19.0,89.092,False,,0.0,,,,,,14.0,0.0,,,,0.4440000000000026,,,4.00693842672378
2025,5,HUL,Sauber,18.0,88.782,False,,0.0,,,,,,15.0,0.0,,,,-0.6800000000000068,,,3.855011168740126
2025,5,STR,Aston Martin,16.0,88.645,False,,0.0,,,,,,16.0,0.0,,,,0.3419999999999987,,,4.347413023856839
2025,5,DOO,Alpine F1 Team,17.0,88.739,False,,0.0,,,,,,17.0,0.0,,,,0.3719999999999999,,,4.877385456255113
2025,5,BOR,Sauber,20.0,89.462,False,,0.0,,,,,,18.0,0.0,,,,0.6800000000000068,,,4.0333431719675366
2025,5,TSU,Red Bull,8.0,88.204,False,,0.0,,,,,,19.0,0.0,,,,0.9099999999999966,,,5.147815070493501
2025,5,GAS,Alpine F1 Team,9.0,88.367,False,,0.0,,,,,,20.0,0.0,,,,-0.3719999999999999,,,5.0122073203551984
2025,6,PIA,McLaren,4.0,86.375,True,2.0,7.0,,,,,,1.0,25.0,,,3.4641016151377544,0.1059999999999945,,,2.394437999475697
2025,6,NOR,McLaren,2.0,86.269,True,1.0,8.0,,,,,,2.0,18.0,,,1.140175425099138,-0.1059999999999945,,,2.4517567397910733
2025,6,RUS,Mercedes,5.0,86.385,True,4.0,5.0,,,,,,3.0,15.0,,,1.3416407864998738,0.1140000000000043,,,2.4966644414765304
2025,6,VER,Red Bull,1.0,86.204,True,17.0,0.0,,,,,,4.0,12.0,,,2.0,-0.7390000000000043,,,5.755190893638736
2025,6,ALB,Williams,7.0,86.682,True,11.0,0.0,,,,,,5.0,10.0,,,2.6076809620810595,0.1129999999999995,,,4.6296148147911165
2025,6,ANT,Mercedes,3.0,86.271,True,7.0,2.0,,,,,,6.0,8.0,,,2.6076809620810595,-0.1140000000000043,,,2.514402955419478
2025,6,LEC,Ferrari,8.0,86.754,True,20.0,0.0,,,,,,7.0,6.0,,,6.228964600958975,-0.2519999999999953,,,5.657836257007723
2025,6,HAM,Ferrari,12.0,87.006,True,3.0,6.0,,,,,,8.0,4.0,,,5.549774770204643,0.2519999999999953,,,5.681353516353108
2025,6,SAI,Williams,6.0,86.569,True,19.0,0.0,,,,,,9.0,2.0,,,4.816637831516919,-0.1129999999999995,,,4.6296148147911165
2025,6,TSU,Red Bull,10.0,86.943,True,6.0,3.0,,,,,,10.0,1.0,,,3.911521443121589,0.7390000000000043,,,6.178816859057872
2025,6,HAD,RB F1 Team,11.0,86.987,True,10.0,0.0,,,,,,11.0,0.0,,,4.61519230368573,-0.3760000000000048,,,3.6590830666833583
2025,6,OCO,Haas F1 Team,9.0,86.824,True,12.0,0.0,,,,,,12.0,0.0,,,5.128352561983234,-1.1749999999999972,,,4.467164151400263
2025,6,GAS,Alpine F1 Team,20.0,87.71,True,8.0,1.0,,,,,,13.0,0.0,,,5.718391382198319,0.5239999999999867,,,4.320493798938577
2025,6,HUL,Sauber,16.0,87.473,True,9.0,0.0,,,,,,14.0,0.0,,,4.722287581247038,0.3220000000000027,,,3.711842908553348
2025,6,ALO,Aston Martin,17.0,87.604,True,18.0,0.0,,,,,,15.0,0.0,,,3.03315017762062,-0.2259999999999991,,,4.40832545682977
2025,6,STR,Aston Martin,18.0,87.83,True,5.0,4.0,,,,,,16.0,0.0,,,5.856620185738529,0.2259999999999991,,,4.2959929650263184
2025,6,LAW,RB F1 Team,15.0,87.363,True,13.0,0.0,,,,,,17.0,0.0,,,2.302172886644268,0.3760000000000048,,,2.9135697844549546
2025,6,BOR,Sauber,13.0,87.151,True,15.0,0.0,,,,,,18.0,0.0,,,2.0000000000000004,-0.3220000000000027,,,3.6453928305312844
2025,6,BEA,Haas F1 Team,19.0,87.999,True,14.0,0.0,,,,,,19.0,0.0,,,2.449489742783178,1.1749999999999972,,,3.8020462326957105
2025,6,DOO,Alpine F1 Team,14.0,87.186,True,16.0,0.0,,,,,,20.0,0.0,,,2.408318915758459,-0.5239999999999867,,,4.201851443775183
2025,7,VER,Red Bull,2.0,74.704,False,,0.0,,,,,,1.0,25.0,,,1.949358868961793,,,,5.437523946307426
2025,7,NOR,McLaren,4.0,74.962,False,,0.0,,,,,,2.0,18.0,,,0.894427190999916,0.2920000000000016,,,1.0540925533893772
2025,7,PIA,McLaren,1.0,74.67,False,,0.0,,,,,,3.0,15.0,,,0.8944271909999159,-0.2920000000000016,,,1.0540925533893772
2025,7,HAM,Ferrari,12.0,75.765,False,,0.0,,,,,,4.0,12.0,,,5.585696017507576,0.1610000000000013,,,5.67254596964871
2025,7,ALB,Williams,7.0,75.473,False,,0.0,,,,,,5.0,10.0,,,2.6076809620810595,0.0409999999999968,,,3.9665266081716126
2025,7,LEC,Ferrari,11.0,75.604,False,,0.0,,,,,,6.0,8.0,,,6.220932405998316,-0.1610000000000013,,,4.321779468896788
2025,7,RUS,Mercedes,3.0,74.807,False,,0.0,,,,,,7.0,6.0,,,1.3416407864998738,-0.9650000000000034,,,5.015531433014405
2025,7,SAI,Williams,6.0,75.432,False,,0.0,,,,,,8.0,4.0,,,4.527692569068709,-0.0409999999999968,,,4.189935029992186
2025,7,HAD,RB F1 Team,9.0,75.746,False,,0.0,,,,,,9.0,2.0,,,1.816590212458495,-0.6330000000000098,,,3.212821536005731
2025,7,TSU,Red Bull,20.0,,False,,0.0,,,,,,10.0,1.0,,,4.207136793592526,,,,5.566766466171265
2025,7,ALO,Aston Martin,5.0,75.431,False,,0.0,,,,,,11.0,0.0,,,2.6832815729997472,-0.1500000000000056,,,3.3681514877517778
2025,7,HUL,Sauber,17.0,76.518,False,,0.0,,,,,,12.0,0.0,,,2.345207879911715,0.2579999999999955,,,1.9692073983655909
2025,7,GAS,Alpine F1 Team,10.0,75.787,False,,0.0,,,,,,13.0,0.0,,,5.504543577809154,-0.4689999999999941,,,4.089281382128437
2025,7,LAW,RB F1 Team,15.0,76.379,False,,0.0,,,,,,14.0,0.0,,,2.588435821108957,0.6330000000000098,,,3.4140233677518315
2025,7,STR,Aston Martin,8.0,75.581,False,,0.0,,,,,,15.0,0.0,,,4.03732584763727,0.1500000000000056,,,3.446415206816765
2025,7,COL,Alpine F1 Team,16.0,76.256,False,,0.0,,,,,,16.0,0.0,,,,0.4689999999999941,,,4.1579909678700515
2025,7,BEA,Haas F1 Team,19.0,76.918,False,,0.0,,,,,,17.0,0.0,,,4.301162633521313,0.3050000000000068,,,4.448470398787539
2025,7,BOR,Sauber,14.0,76.26,False,,0.0,,,,,,18.0,0.0,,,1.949358868961793,-0.2579999999999955,,,2.1628170930011117
2025,7,ANT,Mercedes,13.0,75.772,False,,0.0,,,,,,19.0,0.0,,,2.23606797749979,0.9650000000000034,,,2.4966644414765304
2025,7,OCO,Haas F1 Team,18.0,76.613,False,,0.0,,,,,,20.0,0.0,,,5.079370039680118,-0.3050000000000068,,,4.526465385804795
2025,8,NOR,McLaren,1.0,69.954,False,,0.0,,,,,,1.0,25.0,,,0.894427190999916,-0.1750000000000113,,,1.0327955589885622
2025,8,LEC,Ferrari,2.0,70.063,False,,0.0,,,,,,2.0,18.0,,,1.6431676725154984,-0.3190000000000026,,,1.6363916944844794
2025,8,PIA,McLaren,3.0,70.129,False,,0.0,,,,,,3.0,15.0,,,1.095445115010332,0.1750000000000113,,,1.1005049346145337
2025,8,VER,Red Bull,4.0,70.669,False,,0.0,,,,,,4.0,12.0,,,2.16794833886788,-0.7460000000000093,,,6.367451958550175
2025,8,HAM,Ferrari,7.0,70.382,False,,0.0,,,,,,5.0,10.0,,,1.6431676725154971,0.3190000000000026,,,1.71593835683117
2025,8,HAD,RB F1 Team,5.0,70.923,False,,0.0,,,,,,6.0,8.0,,,1.9235384061671343,-0.206000000000003,,,3.267686915507326
2025,8,OCO,Haas F1 Team,8.0,70.942,False,,0.0,,,,,,7.0,6.0,,,4.774934554525329,-1.037000000000006,,,4.029061098237822
2025,8,LAW,RB F1 Team,9.0,71.129,False,,0.0,,,,,,8.0,4.0,,,2.16794833886788,0.206000000000003,,,3.6285901761795407
2025,8,ALB,Williams,10.0,71.213,False,,0.0,,,,,,9.0,2.0,,,3.0,-0.1490000000000009,,,4.237399621885529
2025,8,SAI,Williams,11.0,71.362,False,,0.0,,,,,,10.0,1.0,,,4.8270073544588685,0.1490000000000009,,,4.237399621885529
2025,8,RUS,Mercedes,14.0,71.507,False,,0.0,,,,,,11.0,0.0,,,1.949358868961793,-0.3729999999999904,,,5.940445175985454
2025,8,BEA,Haas F1 Team,20.0,71.979,False,,0.0,,,,,,12.0,0.0,,,4.08656334834051,1.037000000000006,,,4.201851443775183
2025,8,COL,Alpine F1 Team,18.0,72.597,False,,0.0,,,,,,13.0,0.0,,,,0.6029999999999944,,,3.8239014399200006
2025,8,BOR,Sauber,16.0,71.902,False,,0.0,,,,,,14.0,0.0,,,0.4472135954999618,0.3059999999999974,,,2.485513584307634
2025,8,STR,Aston Martin,19.0,72.563,False,,0.0,,,,,,15.0,0.0,,,1.923538406167134,1.6389999999999958,,,2.9154759474226632
2025,8,HUL,Sauber,13.0,71.596,False,,0.0,,,,,,16.0,0.0,,,2.9664793948382653,-0.3059999999999974,,,2.496664441476535
2025,8,TSU,Red Bull,12.0,71.415,False,,0.0,,,,,,17.0,0.0,,,4.06201920231798,0.7460000000000093,,,5.7387571244419595
2025,8,ANT,Mercedes,15.0,71.88,False,,0.0,,,,,,18.0,0.0,,,5.683308895353129,0.3729999999999904,,,4.853406592853676
2025,8,ALO,Aston Martin,6.0,70.924,False,,0.0,,,,,,19.0,0.0,,,2.190890230020664,-1.6389999999999958,,,2.945806812704772
2025,8,GAS,Alpine F1 Team,17.0,71.994,False,,0.0,,,,,,20.0,0.0,,,4.604345773288536,-0.6029999999999944,,,3.864367132317188
2025,9,PIA,McLaren,1.0,71.546,False,,0.0,,,,,,1.0,25.0,,,1.095445115010332,-0.2089999999999889,,,1.0540925533893772
2025,9,NOR,McLaren,2.0,71.755,False,,0.0,,,,,,2.0,18.0,,,1.140175425099138,0.2089999999999889,,,1.1005049346145337
2025,9,LEC,Ferrari,7.0,72.131,False,,0.0,,,,,,3.0,15.0,,,2.0736441353327724,0.0859999999999985,,,1.9321835661585938
2025,9,RUS,Mercedes,4.0,71.848,False,,0.0,,,,,,4.0,12.0,,,3.5777087639996634,-0.2630000000000052,,,6.553201083779164
2025,9,HUL,Sauber,15.0,73.19,False,,0.0,,,,,,5.0,10.0,,,2.9664793948382653,0.4339999999999975,,,2.750757471437035
2025,9,HAM,Ferrari,5.0,72.045,False,,0.0,,,,,,6.0,8.0,,,1.643167672515497,-0.0859999999999985,,,1.9119507199599999
2025,9,HAD,RB F1 Team,9.0,72.252,False,,0.0,,,,,,7.0,6.0,,,2.5884358211089573,-0.5110000000000099,,,3.5023801430836534
2025,9,GAS,Alpine F1 Team,8.0,72.199,False,,0.0,,,,,,8.0,4.0,,,5.504543577809154,-1.1350000000000051,,,4.141926551202422
2025,9,ALO,Aston Martin,10.0,72.284,False,,0.0,,,,,,9.0,2.0,,,3.3466401061363023,,,,2.449489742783193
2025,9,VER,Red Bull,3.0,71.848,False,,0.0,,,,,,10.0,1.0,,,1.949358868961793,-1.537000000000006,,,6.257440016137236
2025,9,LAW,RB F1 Team,13.0,72.763,False,,0.0,,,,,,11.0,0.0,,,3.5777087639996634,0.5110000000000099,,,3.7416573867739418
2025,9,BOR,Sauber,12.0,72.756,False,,0.0,,,,,,12.0,0.0,,,1.7888543819998326,-0.4339999999999975,,,2.496664441476535
2025,9,TSU,Red Bull,19.0,73.385,False,,0.0,,,,,,13.0,0.0,,,4.636809247747852,1.537000000000006,,,6.069962474714688
2025,9,SAI,Williams,17.0,73.203,False,,0.0,,,,,,14.0,0.0,,,4.658325879540847,0.5619999999999976,,,4.9766119666563045
2025,9,COL,Alpine F1 Team,18.0,73.334,False,,0.0,,,,,,15.0,0.0,,,,1.1350000000000051,,,4.164666186436133
2025,9,OCO,Haas F1 Team,16.0,73.201,False,,0.0,,,,,,16.0,0.0,,,5.215361924162119,-0.1140000000000043,,,4.3830481529537355
2025,9,BEA,Haas F1 Team,14.0,73.315,False,,0.0,,,,,,17.0,0.0,,,3.701351104664349,0.1140000000000043,,,4.391911757866834
2025,9,ANT,Mercedes,6.0,72.111,False,,0.0,,,,,,18.0,0.0,,,6.284902544988268,0.2630000000000052,,,5.884065110297657
2025,9,ALB,Williams,11.0,72.641,False,,0.0,,,,,,19.0,0.0,,,3.0,-0.5619999999999976,,,3.9777157040470223
2025,10,RUS,Mercedes,1.0,70.899,False,,0.0,,,,,,1.0,25.0,,,3.1622776601683795,-0.4920000000000044,,,6.586180818788514
2025,10,VER,Red Bull,2.0,71.059,False,,0.0,,,,,,2.0,18.0,,,3.492849839314596,-1.0430000000000064,,,5.271516754112511
2025,10,ANT,Mercedes,4.0,71.391,False,,0.0,,,,,,3.0,15.0,,,6.767569726275452,0.4920000000000044,,,6.3254336698056575
2025,10,PIA,McLaren,3.0,71.12,False,,0.0,,,,,,4.0,12.0,,,1.095445115010332,-0.5049999999999955,,,5.189733454940936
2025,10,LEC,Ferrari,8.0,71.682,False,,0.0,,,,,,5.0,10.0,,,2.1679483388678804,0.1560000000000059,,,1.9436506316151012
2025,10,HAM,Ferrari,5.0,71.526,False,,0.0,,,,,,6.0,8.0,,,1.5811388300841884,-0.1560000000000059,,,2.0248456731316598
2025,10,ALO,Aston Martin,6.0,71.586,False,,0.0,,,,,,7.0,6.0,,,4.0,-0.9309999999999974,,,3.0983866769659447
2025,10,HUL,Sauber,11.0,72.183,False,,0.0,,,,,,8.0,4.0,,,4.39317652729776,-0.2019999999999981,,,3.7357135269658404
2025,10,OCO,Haas F1 Team,14.0,72.634,False,,0.0,,,,,,9.0,2.0,,,4.816637831516918,0.2939999999999969,,,4.034572812303406
2025,10,SAI,Williams,16.0,72.398,False,,0.0,,,,,,10.0,1.0,,,2.4899799195977472,0.4909999999999996,,,5.292552419306885
2025,10,BEA,Haas F1 Team,13.0,72.34,False,,0.0,,,,,,11.0,0.0,,,2.966479394838265,-0.2939999999999969,,,3.8887301554906397
2025,10,TSU,Red Bull,18.0,72.102,False,,0.0,,,,,,12.0,0.0,,,4.08656334834051,1.0430000000000064,,,6.200358412579427
2025,10,COL,Alpine F1 Team,10.0,72.142,False,,0.0,,,,,,13.0,0.0,,,,-0.5250000000000057,,,3.9228674319799453
2025,10,BOR,Sauber,15.0,72.385,False,,0.0,,,,,,14.0,0.0,,,2.8284271247461907,0.2019999999999981,,,3.9665266081716046
2025,10,GAS,Alpine F1 Team,20.0,72.667,False,,0.0,,,,,,15.0,0.0,,,5.167204273105526,0.5250000000000057,,,3.956710193526384
2025,10,HAD,RB F1 Team,12.0,71.867,False,,0.0,,,,,,16.0,0.0,,,2.0736441353327724,-0.6580000000000013,,,3.3082388735465353
2025,10,STR,Aston Martin,17.0,72.517,False,,0.0,,,,,,17.0,0.0,,,0.8366600265340751,0.9309999999999974,,,3.717824931626325
2025,10,NOR,McLaren,7.0,71.625,False,,0.0,,,,,,18.0,0.0,,,1.095445115010332,0.5049999999999955,,,1.0540925533893772
2025,10,LAW,RB F1 Team,19.0,72.525,False,,0.0,,,,,,19.0,0.0,,,3.361547262794322,0.6580000000000013,,,3.7252889522529364
2025,10,ALB,Williams,9.0,71.907,False,,0.0,,,,,,20.0,0.0,,,5.727128425310541,-0.4909999999999996,,,4.168666186896937
2025,11,NOR,McLaren,1.0,63.971,False,,0.0,,,,,,1.0,25.0,,,7.280109889280518,-0.5830000000000055,,,5.121848624601589
2025,11,PIA,McLaren,3.0,64.554,False,,0.0,,,,,,2.0,18.0,,,1.3416407864998738,0.5830000000000055,,,5.1682793182171345
2025,11,LEC,Ferrari,2.0,64.492,False,,0.0,,,,,,3.0,15.0,,,2.0736441353327724,-0.0899999999999892,,,1.5491933384829673
2025,11,HAM,Ferrari,4.0,64.582,False,,0.0,,,,,,4.0,12.0,,,1.483239697419131,0.0899999999999892,,,1.8135294011647276
2025,11,RUS,Mercedes,5.0,64.763,False,,0.0,,,,,,5.0,10.0,,,3.898717737923585,-0.512999999999991,,,7.557924465236615
2025,11,LAW,RB F1 Team,6.0,64.926,False,,0.0,,,,,,6.0,8.0,,,4.43846820423443,-0.2999999999999971,,,4.483302354291979
2025,11,ALO,Aston Martin,11.0,65.128,False,,0.0,,,,,,7.0,6.0,,,4.816637831516919,-0.2009999999999934,,,3.7712361663282628
2025,11,BOR,Sauber,8.0,65.132,False,,0.0,,,,,,8.0,4.0,,,2.683281572999748,-0.4739999999999895,,,4.121757985239902
2025,11,HUL,Sauber,20.0,65.606,False,,0.0,,,,,,9.0,2.0,,,4.47213595499958,0.4739999999999895,,,4.012480529547776
2025,11,OCO,Haas F1 Team,17.0,65.364,False,,0.0,,,,,,10.0,1.0,,,5.263078946776306,0.0520000000000067,,,4.104198392432377
2025,11,BEA,Haas F1 Team,15.0,65.312,False,,0.0,,,,,,11.0,0.0,,,3.492849839314596,-0.0520000000000067,,,4.396968652757645
2025,11,HAD,RB F1 Team,13.0,65.226,False,,0.0,,,,,,12.0,0.0,,,3.96232255123179,0.2999999999999971,,,4.491968140779472
2025,11,GAS,Alpine F1 Team,10.0,65.649,False,,0.0,,,,,,13.0,0.0,,,4.324349662087931,0.3610000000000042,,,3.034981237357348
2025,11,STR,Aston Martin,16.0,65.329,False,,0.0,,,,,,14.0,0.0,,,0.8366600265340751,0.2009999999999934,,,4.280446497997877
2025,11,COL,Alpine F1 Team,14.0,65.288,False,,0.0,,,,,,15.0,0.0,,,,-0.3610000000000042,,,3.5652645218989214
2025,11,TSU,Red Bull,18.0,65.369,False,,0.0,,,,,,16.0,0.0,,,2.8809720581775866,0.4399999999999977,,,5.271516754112511
2025,11,ALB,Williams,12.0,65.205,False,,0.0,,,,,,17.0,0.0,,,7.402702209328699,-0.3769999999999953,,,5.2164270445498575
2025,11,VER,Red Bull,7.0,64.929,False,,0.0,,,,,,18.0,0.0,,,3.492849839314596,-0.4399999999999977,,,5.801340841181078
2025,11,ANT,Mercedes,9.0,65.276,False,,0.0,,,,,,19.0,0.0,,,7.661592523751182,0.512999999999991,,,6.992058987801007
2025,11,SAI,Williams,19.0,65.582,False,,0.0,,,,,,20.0,0.0,,,2.2803508501982765,0.3769999999999953,,,5.08702052067591
2025,12,NOR,McLaren,3.0,85.01,False,,0.0,,,,,,1.0,25.0,,,7.395944834840239,0.0150000000000005,,,5.121848624601589
2025,12,PIA,McLaren,2.0,84.995,False,,0.0,,,,,,2.0,18.0,,,1.140175425099138,-0.0150000000000005,,,5.1682793182171345
2025,12,HUL,Sauber,19.0,86.574,False,,0.0,,,,,,3.0,15.0,,,4.183300132670378,0.1280000000000001,,,4.060651288757616
2025,12,HAM,Ferrari,5.0,85.095,False,,0.0,,,,,,4.0,12.0,,,0.9999999999999962,-0.0259999999999962,,,1.4298407059684797
2025,12,VER,Red Bull,1.0,84.892,False,,0.0,,,,,,5.0,10.0,,,7.071067811865476,-0.9339999999999976,,,6.338594306135849
2025,12,GAS,Alpine F1 Team,8.0,85.785,False,,0.0,,,,,,6.0,8.0,,,4.324349662087931,-1.2750000000000057,,,3.535533905932742
2025,12,STR,Aston Martin,17.0,86.504,False,,0.0,,,,,,7.0,6.0,,,1.1401754250991376,0.8830000000000098,,,4.27005074130664
2025,12,ALB,Williams,13.0,85.889,False,,0.0,,,,,,8.0,4.0,,,6.6332495807108,0.1430000000000006,,,5.513619500836089
2025,12,ALO,Aston Martin,7.0,85.621,False,,0.0,,,,,,9.0,2.0,,,4.979959839195493,-0.8830000000000098,,,4.242640687119293
2025,12,RUS,Mercedes,4.0,85.029,False,,0.0,,,,,,10.0,1.0,,,3.714835124201342,-0.3449999999999988,,,7.0364132277113365
2025,12,BEA,Haas F1 Team,18.0,85.471,False,,0.0,,,,,,11.0,0.0,,,3.130495168499705,-0.4789999999999992,,,4.2163702135578465
2025,12,SAI,Williams,9.0,85.746,False,,0.0,,,,,,12.0,0.0,,,4.77493455452533,-0.1430000000000006,,,5.082650227325636
2025,12,OCO,Haas F1 Team,14.0,85.95,False,,0.0,,,,,,13.0,0.0,,,5.412947441089743,0.4789999999999992,,,4.0055517028799565
2025,12,LEC,Ferrari,6.0,85.121,False,,0.0,,,,,,14.0,0.0,,,1.6431676725154982,0.0259999999999962,,,1.4298407059684797
2025,12,TSU,Red Bull,11.0,85.826,False,,0.0,,,,,,15.0,0.0,,,2.8809720581775866,0.9339999999999976,,,6.165315167216607
2025,12,ANT,Mercedes,10.0,85.374,False,,0.0,,,,,,16.0,0.0,,,6.9498201415576215,0.3449999999999988,,,7.367345368433445
2025,12,HAD,RB F1 Team,12.0,85.864,False,,0.0,,,,,,17.0,0.0,,,4.06201920231798,-0.5759999999999934,,,4.442221666388715
2025,12,BOR,Sauber,16.0,86.446,False,,0.0,,,,,,18.0,0.0,,,3.6331804249169903,-0.1280000000000001,,,4.060651288757616
2025,12,LAW,RB F1 Team,15.0,86.44,False,,0.0,,,,,,19.0,0.0,,,5.128352561983234,0.5759999999999934,,,4.788875998951459
2025,12,COL,Alpine F1 Team,20.0,87.06,False,,0.0,,,,,,20.0,0.0,,,1.3416407864998738,1.2750000000000057,,,3.034981237357348
2025,13,PIA,McLaren,2.0,100.647,True,2.0,7.0,,,,,,1.0,25.0,,,1.140175425099138,0.0850000000000079,,,5.146735750831661
2025,13,NOR,McLaren,1.0,100.562,True,3.0,6.0,,,,,,2.0,18.0,,,7.503332592921628,-0.0850000000000079,,,5.190803834132465
2025,13,LEC,Ferrari,3.0,100.9,True,4.0,5.0,,,,,,3.0,15.0,,,4.929503017546495,-1.0389999999999873,,,3.405877273185282
2025,13,VER,Red Bull,4.0,100.903,True,1.0,8.0,,,,,,4.0,12.0,,,6.418722614352485,-0.3810000000000002,,,5.432413009990232
2025,13,RUS,Mercedes,6.0,101.26,True,12.0,0.0,,,,,,5.0,10.0,,,4.207136793592526,-0.8789999999999907,,,6.733828364641053
2025,13,ALB,Williams,5.0,101.201,True,16.0,0.0,,,,,,6.0,8.0,,,5.683308895353129,-0.5570000000000022,,,4.748099034818507
2025,13,HAM,Ferrari,18.0,101.939,True,15.0,0.0,,,,,,7.0,6.0,,,0.9999999999999962,1.0389999999999873,,,3.3598941782277754
2025,13,LAW,RB F1 Team,9.0,101.328,True,10.0,0.0,,,,,,8.0,4.0,,,6.107372593840988,0.0180000000000006,,,5.359311730271176
2025,13,BOR,Sauber,10.0,102.387,True,9.0,0.0,,,,,,9.0,2.0,,,3.6331804249169903,0.6800000000000068,,,4.877385456255112
2025,13,GAS,Alpine F1 Team,13.0,101.633,True,20.0,0.0,,,,,,10.0,1.0,,,5.594640292279746,-0.38900000000001,,,4.718756898449707
2025,13,BEA,Haas F1 Team,12.0,101.617,True,7.0,2.0,,,,,,11.0,0.0,,,2.6076809620810586,0.0919999999999987,,,3.02030167735316
2025,13,HUL,Sauber,14.0,101.707,True,18.0,0.0,,,,,,12.0,0.0,,,4.969909455915671,-0.6800000000000068,,,4.756282395129858
2025,13,TSU,Red Bull,7.0,101.284,True,11.0,0.0,,,,,,13.0,0.0,,,2.0736441353327724,0.3810000000000002,,,5.750362307426089
2025,13,STR,Aston Martin,16.0,102.502,True,13.0,0.0,,,,,,14.0,0.0,,,3.8470768123342687,0.1169999999999902,,,4.771442828607163
2025,13,OCO,Haas F1 Team,11.0,101.525,True,5.0,4.0,,,,,,15.0,0.0,,,3.5355339059327373,-0.0919999999999987,,,3.0258148581094066
2025,13,ANT,Mercedes,19.0,102.139,True,17.0,0.0,,,,,,16.0,0.0,,,6.685805860178712,0.8789999999999907,,,6.9482211952252735
2025,13,ALO,Aston Martin,20.0,102.385,True,14.0,0.0,,,,,,17.0,0.0,,,5.019960159204453,-0.1169999999999902,,,4.5813632129409845
2025,13,SAI,Williams,17.0,101.758,True,6.0,3.0,,,,,,18.0,0.0,,,4.147288270665545,0.5570000000000022,,,5.168279318217149
2025,13,COL,Alpine F1 Team,15.0,102.022,True,19.0,0.0,,,,,,19.0,0.0,,,2.863564212655271,0.38900000000001,,,4.442221666388718
2025,13,HAD,RB F1 Team,8.0,101.31,True,8.0,1.0,,,,,,20.0,0.0,,,5.029910535983717,-0.0180000000000006,,,5.300943312279429
2025,14,NOR,McLaren,3.0,75.413,False,,0.0,,,,,,1.0,25.0,,,7.395944834840239,0.0150000000000005,,,5.2110992655634005
2025,14,PIA,McLaren,2.0,75.398,False,,0.0,,,,,,2.0,18.0,,,1.224744871391589,-0.0150000000000005,,,5.250396810400765
2025,14,RUS,Mercedes,4.0,75.425,False,,0.0,,,,,,3.0,15.0,,,3.24037034920393,-0.9609999999999984,,,6.297265720577108
2025,14,LEC,Ferrari,1.0,75.372,False,,0.0,,,,,,4.0,12.0,,,4.774934554525329,-0.3299999999999983,,,3.900142447541004
2025,14,ALO,Aston Martin,5.0,75.481,False,,0.0,,,,,,5.0,10.0,,,4.147288270665544,-0.0170000000000101,,,4.195235392680612
2025,14,BOR,Sauber,7.0,75.725,False,,0.0,,,,,,6.0,8.0,,,4.024922359499621,-0.3560000000000087,,,4.366539438350084
2025,14,STR,Aston Martin,6.0,75.498,False,,0.0,,,,,,7.0,6.0,,,3.7815340802378072,0.0170000000000101,,,4.477102237434889
2025,14,LAW,RB F1 Team,9.0,75.821,False,,0.0,,,,,,8.0,4.0,,,6.107372593840988,-0.0940000000000083,,,4.954235000930462
2025,14,VER,Red Bull,8.0,75.728,False,,0.0,,,,,,9.0,2.0,,,6.418722614352485,-0.1710000000000064,,,5.750362307426089
2025,14,ANT,Mercedes,15.0,76.386,False,,0.0,,,,,,10.0,1.0,,,6.50384501660364,0.9609999999999984,,,6.929005059249926
2025,14,HAD,RB F1 Team,10.0,75.915,False,,0.0,,,,,,11.0,0.0,,,5.029910535983717,0.0940000000000083,,,5.359311730271176
2025,14,HAM,Ferrari,12.0,75.702,False,,0.0,,,,,,12.0,0.0,,,1.3416407864998716,0.3299999999999983,,,3.3082388735465367
2025,14,HUL,Sauber,18.0,76.081,False,,0.0,,,,,,13.0,0.0,,,3.507135583350036,0.3560000000000087,,,4.442221666388715
2025,14,SAI,Williams,13.0,75.781,False,,0.0,,,,,,14.0,0.0,,,4.147288270665545,-0.441999999999993,,,4.9216076867444665
2025,14,ALB,Williams,19.0,76.223,False,,0.0,,,,,,15.0,0.0,,,6.519202405202649,0.441999999999993,,,5.168279318217147
2025,14,OCO,Haas F1 Team,17.0,76.023,False,,0.0,,,,,,16.0,0.0,,,3.049590136395381,0.3289999999999935,,,3.3681514877517778
2025,14,TSU,Red Bull,20.0,75.899,False,,0.0,,,,,,17.0,0.0,,,1.6431676725154984,0.1710000000000064,,,5.432413009990232
2025,14,COL,Alpine F1 Team,14.0,76.159,False,,0.0,,,,,,18.0,0.0,,,2.9664793948382657,0.193000000000012,,,4.452215428550403
2025,14,GAS,Alpine F1 Team,16.0,75.966,False,,0.0,,,,,,19.0,0.0,,,3.646916505762096,-0.193000000000012,,,4.667856991049417
2025,14,BEA,Haas F1 Team,11.0,75.694,False,,0.0,,,,,,20.0,0.0,,,2.683281572999747,-0.3289999999999935,,,2.716206504995129
2025,15,PIA,McLaren,1.0,68.662,False,,0.0,,,,,,1.0,25.0,,,1.095445115010332,-0.0120000000000004,,,5.2110992655634005
2025,15,VER,Red Bull,3.0,68.925,False,,0.0,,,,,,2.0,18.0,,,6.348228099241551,-0.6970000000000027,,,5.80804040389987
2025,15,HAD,RB F1 Team,4.0,69.208,False,,0.0,,,,,,3.0,15.0,,,3.7013511046643495,-0.2920000000000016,,,5.232377832092956
2025,15,RUS,Mercedes,5.0,69.255,False,,0.0,,,,,,4.0,12.0,,,3.3466401061363023,-0.2379999999999995,,,6.40225654663173
2025,15,ALB,Williams,15.0,69.652,False,,0.0,,,,,,5.0,10.0,,,5.974947698515862,0.1470000000000055,,,4.9216076867444665
2025,15,BEA,Haas F1 Team,20.0,70.262,False,,0.0,,,,,,6.0,8.0,,,4.024922359499621,0.0649999999999977,,,3.3681514877517778
2025,15,STR,Aston Martin,19.0,,False,,0.0,,,,,,7.0,6.0,,,4.54972526643093,,,,4.527692569068713
2025,15,ALO,Aston Martin,10.0,69.63,False,,0.0,,,,,,8.0,4.0,,,4.690415759823429,,,,4.599516882842762
2025,15,TSU,Red Bull,12.0,69.622,False,,0.0,,,,,,9.0,2.0,,,2.0736441353327724,0.6970000000000027,,,5.782156460468133
2025,15,OCO,Haas F1 Team,18.0,70.197,False,,0.0,,,,,,10.0,1.0,,,3.049590136395381,-0.0649999999999977,,,3.966526608171615
2025,15,COL,Alpine F1 Team,16.0,70.104,False,,0.0,,,,,,11.0,0.0,,,2.915475947422651,0.4669999999999987,,,4.467164151400259
2025,15,LAW,RB F1 Team,8.0,69.5,False,,0.0,,,,,,12.0,0.0,,,6.442049363362563,0.2920000000000016,,,6.111010100175293
2025,15,SAI,Williams,9.0,69.505,False,,0.0,,,,,,13.0,0.0,,,4.147288270665545,-0.1470000000000055,,,5.169354139756943
2025,15,HUL,Sauber,17.0,70.195,False,,0.0,,,,,,14.0,0.0,,,3.9370039370059056,0.5729999999999933,,,4.433458644845529
2025,15,BOR,Sauber,13.0,69.622,False,,0.0,,,,,,15.0,0.0,,,4.898979485566356,-0.5729999999999933,,,4.320493798938574
2025,15,ANT,Mercedes,11.0,69.493,False,,0.0,,,,,,16.0,0.0,,,6.3796551630946325,0.2379999999999995,,,6.390965845976992
2025,15,GAS,Alpine F1 Team,14.0,69.637,False,,0.0,,,,,,17.0,0.0,,,4.929503017546495,-0.4669999999999987,,,4.599516882842762
2025,15,NOR,McLaren,2.0,68.674,False,,0.0,,,,,,18.0,0.0,,,7.503332592921628,0.0120000000000004,,,5.2110992655634005
2025,15,LEC,Ferrari,6.0,69.34,False,,0.0,,,,,,19.0,0.0,,,4.658325879540846,-0.0499999999999971,,,5.79655069847578
2025,15,HAM,Ferrari,7.0,69.39,False,,0.0,,,,,,20.0,0.0,,,3.2863353450309964,0.0499999999999971,,,3.8239014399199998
2025,16,VER,Red Bull,1.0,78.792,False,,0.0,,,,,,1.0,25.0,,,6.348228099241551,-0.7270000000000039,,,5.582711408148079
2025,16,NOR,McLaren,2.0,78.869,False,,0.0,,,,,,2.0,18.0,,,7.503332592921628,-0.1129999999999995,,,5.258854966202757
2025,16,PIA,McLaren,3.0,78.982,False,,0.0,,,,,,3.0,15.0,,,0.5477225575051662,0.1129999999999995,,,5.223876806442581
2025,16,LEC,Ferrari,4.0,79.007,False,,0.0,,,,,,4.0,12.0,,,7.436396977031283,-0.1169999999999902,,,6.57942922212018
2025,16,RUS,Mercedes,5.0,79.157,False,,0.0,,,,,,5.0,10.0,,,2.701851217221259,-0.0430000000000063,,,5.168279318217144
2025,16,HAM,Ferrari,10.0,79.124,False,,0.0,,,,,,6.0,8.0,,,6.767569726275453,0.1169999999999902,,,6.716480559869966
2025,16,ALB,Williams,14.0,79.583,False,,0.0,,,,,,7.0,6.0,,,5.449770637375485,0.0549999999999926,,,5.094659513211415
2025,16,BOR,Sauber,7.0,79.39,False,,0.0,,,,,,8.0,4.0,,,5.06951674225463,-0.108000000000004,,,4.522781838156197
2025,16,ANT,Mercedes,6.0,79.2,False,,0.0,,,,,,9.0,2.0,,,3.286335345030997,0.0430000000000063,,,5.985166849990247
2025,16,HAD,RB F1 Team,19.0,79.917,False,,0.0,,,,,,10.0,1.0,,,6.50384501660364,-0.3619999999999947,,,5.641118880348315
2025,16,SAI,Williams,13.0,79.528,False,,0.0,,,,,,11.0,0.0,,,3.435112807463534,-0.0549999999999926,,,5.159672685570496
2025,16,BEA,Haas F1 Team,11.0,79.446,False,,0.0,,,,,,12.0,0.0,,,5.06951674225463,-0.2609999999999957,,,3.8887301554906455
2025,16,TSU,Red Bull,9.0,79.519,False,,0.0,,,,,,13.0,0.0,,,3.1622776601683795,0.7270000000000039,,,5.80804040389987
2025,16,LAW,RB F1 Team,18.0,80.279,False,,0.0,,,,,,14.0,0.0,,,5.176871642217914,0.3619999999999947,,,5.660781257427675
2025,16,OCO,Haas F1 Team,15.0,79.707,False,,0.0,,,,,,15.0,0.0,,,2.774887385102321,0.2609999999999957,,,3.864367132317193
2025,16,GAS,Alpine F1 Team,20.0,80.103,False,,0.0,,,,,,16.0,0.0,,,5.244044240850758,0.11099999999999,,,4.7140452079103214
2025,16,COL,Alpine F1 Team,17.0,79.992,False,,0.0,,,,,,17.0,0.0,,,3.646916505762096,-0.11099999999999,,,4.6619023298792275
2025,16,STR,Aston Martin,16.0,79.948,False,,0.0,,,,,,18.0,0.0,,,3.834057902536163,0.5239999999999867,,,4.877385456255117
2025,16,ALO,Aston Martin,8.0,79.424,False,,0.0,,,,,,19.0,0.0,,,4.604345773288535,-0.5239999999999867,,,4.006938426723773
2025,16,HUL,Sauber,12.0,79.498,False,,0.0,,,,,,20.0,0.0,,,4.43846820423443,0.108000000000004,,,4.522781838156197
2025,17,VER,Red Bull,1.0,101.117,False,,0.0,,,,,,1.0,25.0,,,3.114482300479486,-1.0259999999999962,,,5.237683966538394
2025,17,RUS,Mercedes,5.0,102.07,False,,0.0,,,,,,2.0,18.0,,,2.701851217221259,0.3529999999999944,,,4.848825745591512
2025,17,SAI,Williams,2.0,101.595,False,,0.0,,,,,,3.0,15.0,,,2.70185121722126,-2.183000000000007,,,4.195235392680611
2025,17,ANT,Mercedes,4.0,101.717,False,,0.0,,,,,,4.0,12.0,,,3.5777087639996634,-0.3529999999999944,,,5.168279318217144
2025,17,LAW,RB F1 Team,3.0,101.707,False,,0.0,,,,,,5.0,10.0,,,4.604345773288535,-0.6650000000000063,,,5.126185499743233
2025,17,TSU,Red Bull,6.0,102.143,False,,0.0,,,,,,6.0,8.0,,,2.9664793948382653,1.0259999999999962,,,5.633234713140698
2025,17,NOR,McLaren,7.0,102.239,False,,0.0,,,,,,7.0,6.0,,,7.395944834840239,0.8250000000000028,,,5.20789998197182
2025,17,HAM,Ferrari,12.0,102.183,False,,0.0,,,,,,8.0,4.0,,,6.418722614352486,0.6640000000000015,,,6.481597882552665
2025,17,LEC,Ferrari,10.0,101.519,False,,0.0,,,,,,9.0,2.0,,,7.259476565152615,-0.6640000000000015,,,6.236986451805077
2025,17,HAD,RB F1 Team,8.0,102.372,False,,0.0,,,,,,10.0,1.0,,,6.610597552415364,0.6650000000000063,,,5.370702416299422
2025,17,BOR,Sauber,13.0,102.277,False,,0.0,,,,,,11.0,0.0,,,5.06951674225463,-0.6389999999999958,,,5.329165037789689
2025,17,BEA,Haas F1 Team,15.0,102.666,False,,0.0,,,,,,12.0,0.0,,,5.049752469181039,,,,3.842742076521234
2025,17,ALB,Williams,19.0,103.778,False,,0.0,,,,,,13.0,0.0,,,3.962322551231789,2.183000000000007,,,4.280446497997875
2025,17,OCO,Haas F1 Team,20.0,,False,,0.0,,,,,,14.0,0.0,,,2.3874672772626635,,,,3.8005847503304677
2025,17,ALO,Aston Martin,11.0,101.857,False,,0.0,,,,,,15.0,0.0,,,6.06630035524124,-1.2040000000000075,,,5.321862664727668
2025,17,HUL,Sauber,17.0,102.916,False,,0.0,,,,,,16.0,0.0,,,6.107372593840989,0.6389999999999958,,,4.863697724525605
2025,17,STR,Aston Martin,14.0,103.061,False,,0.0,,,,,,17.0,0.0,,,5.128352561983235,1.2040000000000075,,,5.396500923952694
2025,17,GAS,Alpine F1 Team,18.0,103.139,False,,0.0,,,,,,18.0,0.0,,,5.412947441089743,0.3599999999999994,,,4.565571644870387
2025,17,COL,Alpine F1 Team,16.0,102.779,False,,0.0,,,,,,19.0,0.0,,,3.535533905932738,-0.3599999999999994,,,4.667856991049419
2025,17,PIA,McLaren,9.0,101.414,False,,0.0,,,,,,20.0,0.0,,,0.8366600265340756,-0.8250000000000028,,,5.25885496620276
2025,18,RUS,Mercedes,1.0,89.158,False,,0.0,,,,,,1.0,25.0,,,1.3038404810405293,-0.3790000000000049,,,4.217687623436435
2025,18,VER,Red Bull,2.0,89.34,False,,0.0,,,,,,2.0,18.0,,,3.3615472627943213,-1.012999999999991,,,5.521674464226312
2025,18,NOR,McLaren,5.0,89.586,False,,0.0,,,,,,3.0,15.0,,,7.106335201775948,0.0619999999999976,,,7.24262076568665
2025,18,PIA,McLaren,3.0,89.524,False,,0.0,,,,,,4.0,12.0,,,8.203657720797473,-0.0619999999999976,,,7.192588778272622
2025,18,ANT,Mercedes,4.0,89.537,False,,0.0,,,,,,5.0,10.0,,,5.0990195135927845,0.3790000000000049,,,5.168279318217146
2025,18,LEC,Ferrari,7.0,89.784,False,,0.0,,,,,,6.0,8.0,,,6.6858058601787125,0.0960000000000036,,,6.019413038937717
2025,18,ALO,Aston Martin,10.0,89.955,False,,0.0,,,,,,7.0,6.0,,,6.016643582596529,-0.9939999999999998,,,5.355163655555061
2025,18,HAM,Ferrari,6.0,89.688,False,,0.0,,,,,,8.0,4.0,,,5.727128425310542,-0.0960000000000036,,,6.051629716218788
2025,18,BEA,Haas F1 Team,9.0,89.868,False,,0.0,,,,,,9.0,2.0,,,5.0199601592044525,-1.121000000000009,,,3.813717929323628
2025,18,SAI,Williams,18.0,,False,,0.0,,,,,,10.0,1.0,,,5.540758070878028,,,,4.785394445602164
2025,18,HAD,RB F1 Team,8.0,89.846,False,,0.0,,,,,,11.0,0.0,,,6.058052492344384,-0.4739999999999895,,,4.748099034818508
2025,18,TSU,Red Bull,13.0,90.353,False,,0.0,,,,,,12.0,0.0,,,4.219004621945797,1.012999999999991,,,5.622375931144337
2025,18,STR,Aston Martin,15.0,90.949,False,,0.0,,,,,,13.0,0.0,,,5.319774431308155,0.9939999999999998,,,5.396500923952694
2025,18,ALB,Williams,20.0,,False,,0.0,,,,,,14.0,0.0,,,4.494441010848846,,,,4.949747468305839
2025,18,LAW,RB F1 Team,12.0,90.32,False,,0.0,,,,,,15.0,0.0,,,3.5777087639996634,0.4739999999999895,,,3.293090409394259
2025,18,COL,Alpine F1 Team,16.0,90.982,False,,0.0,,,,,,16.0,0.0,,,3.3466401061363027,-0.2789999999999963,,,3.2727833889689624
2025,18,BOR,Sauber,14.0,90.82,False,,0.0,,,,,,17.0,0.0,,,3.420526275297414,0.6789999999999878,,,4.141926551202415
2025,18,OCO,Haas F1 Team,17.0,90.989,False,,0.0,,,,,,18.0,0.0,,,2.345207879911714,1.121000000000009,,,3.9846929339383026
2025,18,GAS,Alpine F1 Team,19.0,91.261,False,,0.0,,,,,,19.0,0.0,,,3.535533905932738,0.2789999999999963,,,3.1428932176861863
2025,18,HUL,Sauber,11.0,90.141,False,,0.0,,,,,,20.0,0.0,,,3.16227766016838,-0.6789999999999878,,,4.184627953726721
2025,19,VER,Red Bull,1.0,92.51,True,1.0,8.0,,,,,,1.0,25.0,,,3.391164991562633,-0.9559999999999887,,,4.541169697580377
2025,19,NOR,McLaren,2.0,92.801,True,18.0,0.0,,,,,,2.0,18.0,,,6.978538528947161,-0.2830000000000012,,,7.03088424974649
2025,19,LEC,Ferrari,3.0,92.807,True,5.0,4.0,,,,,,3.0,15.0,,,6.268971207462992,-0.1050000000000039,,,5.921711464320659
2025,19,HAM,Ferrari,5.0,92.912,True,4.0,5.0,,,,,,4.0,12.0,,,5.585696017507578,0.1050000000000039,,,5.738757124441965
2025,19,PIA,McLaren,6.0,93.084,True,19.0,0.0,,,,,,5.0,10.0,,,7.905694150420948,0.2830000000000012,,,6.95701085237043
2025,19,RUS,Mercedes,4.0,92.826,True,2.0,7.0,,,,,,6.0,8.0,,,1.581138830084189,-0.2880000000000109,,,4.9170903772228725
2025,19,TSU,Red Bull,13.0,93.466,True,7.0,2.0,,,,,,7.0,6.0,,,4.159326868617084,0.9559999999999887,,,5.692099788303086
2025,19,HUL,Sauber,11.0,93.334,True,13.0,0.0,,,,,,8.0,4.0,,,3.286335345030997,-0.7909999999999968,,,3.8528488738132958
2025,19,BEA,Haas F1 Team,8.0,93.139,True,15.0,0.0,,,,,,9.0,2.0,,,5.215361924162119,-0.997,,,4.263540521418535
2025,19,ALO,Aston Martin,10.0,93.16,True,20.0,0.0,,,,,,10.0,1.0,,,5.932958789676531,-1.3800000000000097,,,5.358275012642705
2025,19,LAW,RB F1 Team,12.0,93.36,True,9.0,0.0,,,,,,11.0,0.0,,,4.207136793592525,,,,4.1952353926806065
2025,19,STR,Aston Martin,19.0,94.54,True,17.0,0.0,,,,,,12.0,0.0,,,5.272570530585627,1.3800000000000097,,,4.886489310105758
2025,19,ANT,Mercedes,7.0,93.114,True,8.0,1.0,,,,,,13.0,0.0,,,4.764451699828639,0.2880000000000109,,,4.5325979795746765
2025,19,ALB,Williams,18.0,94.69,True,6.0,3.0,,,,,,14.0,0.0,,,4.494441010848846,1.539999999999992,,,4.169998667732275
2025,19,OCO,Haas F1 Team,17.0,94.136,True,16.0,0.0,,,,,,15.0,0.0,,,2.9664793948382644,0.997,,,3.6953424138441666
2025,19,HAD,RB F1 Team,20.0,,True,12.0,0.0,,,,,,16.0,0.0,,,3.3911649915626345,,,,3.7252889522529364
2025,19,COL,Alpine F1 Team,15.0,94.044,True,14.0,0.0,,,,,,17.0,0.0,,,3.114482300479488,0.3930000000000007,,,2.4037008503093378
2025,19,BOR,Sauber,16.0,94.125,True,11.0,0.0,,,,,,18.0,0.0,,,4.61519230368573,0.7909999999999968,,,4.666666666666662
2025,19,GAS,Alpine F1 Team,14.0,93.651,True,10.0,0.0,,,,,,19.0,0.0,,,1.303840481040531,-0.3930000000000007,,,2.3781411975649407
2025,19,SAI,Williams,9.0,93.15,True,3.0,6.0,,,,,,20.0,0.0,,,4.324349662087932,-1.539999999999992,,,4.060651288757624
2025,20,NOR,McLaren,1.0,75.586,False,,0.0,,,,,,1.0,25.0,,,6.8044103344816,-0.5880000000000081,,,6.819090848492923
2025,20,LEC,Ferrari,2.0,75.848,False,,0.0,,,,,,2.0,18.0,,,6.457553716385178,-0.0900000000000034,,,4.527692569068713
2025,20,VER,Red Bull,5.0,76.07,False,,0.0,,,,,,3.0,15.0,,,0.5477225575051596,-0.7460000000000093,,,4.903513479582214
2025,20,BEA,Haas F1 Team,9.0,76.46,False,,0.0,,,,,,4.0,12.0,,,2.509980079602226,-0.3770000000000095,,,3.5901098714230137
2025,20,PIA,McLaren,7.0,76.174,False,,0.0,,,,,,5.0,10.0,,,7.635443667528429,0.5880000000000081,,,5.652924513520011
2025,20,ANT,Mercedes,6.0,76.118,False,,0.0,,,,,,6.0,8.0,,,5.128352561983235,0.0839999999999889,,,4.79003595439997
2025,20,RUS,Mercedes,4.0,76.034,False,,0.0,,,,,,7.0,6.0,,,2.073644135332772,-0.0839999999999889,,,3.4399612400917152
2025,20,HAM,Ferrari,3.0,75.938,False,,0.0,,,,,,8.0,4.0,,,6.260990336999411,0.0900000000000034,,,6.019413038937716
2025,20,OCO,Haas F1 Team,11.0,76.837,False,,0.0,,,,,,9.0,2.0,,,2.8809720581775857,0.3770000000000095,,,3.9944405810520753
2025,20,BOR,Sauber,16.0,77.412,False,,0.0,,,,,,10.0,1.0,,,4.207136793592525,0.3960000000000008,,,4.448470398787523
2025,20,TSU,Red Bull,10.0,76.816,False,,0.0,,,,,,11.0,0.0,,,3.049590136395381,0.7460000000000093,,,4.695151163109072
2025,20,ALB,Williams,17.0,77.49,False,,0.0,,,,,,12.0,0.0,,,4.277849927241488,1.3179999999999978,,,4.9888765156985935
2025,20,HAD,RB F1 Team,8.0,76.252,False,,0.0,,,,,,13.0,0.0,,,4.636809247747852,-1.820000000000008,,,4.110960958218894
2025,20,STR,Aston Martin,19.0,77.606,False,,0.0,,,,,,14.0,0.0,,,4.39317652729776,0.5030000000000001,,,4.526465385804798
2025,20,GAS,Alpine F1 Team,18.0,77.546,False,,0.0,,,,,,15.0,0.0,,,1.303840481040531,-0.1239999999999952,,,1.2649110640673744
2025,20,COL,Alpine F1 Team,20.0,77.67,False,,0.0,,,,,,16.0,0.0,,,3.0000000000000004,0.1239999999999952,,,2.3781411975649407
2025,20,SAI,Williams,12.0,76.172,False,,0.0,,,,,,17.0,0.0,,,6.107372593840989,-1.3179999999999978,,,4.5227818381562015
2025,20,ALO,Aston Martin,14.0,77.103,False,,0.0,,,,,,18.0,0.0,,,5.06951674225463,-0.5030000000000001,,,4.550946177566945
2025,20,HUL,Sauber,13.0,77.016,False,,0.0,,,,,,19.0,0.0,,,4.979959839195493,-0.3960000000000008,,,4.685675570881482
2025,20,LAW,RB F1 Team,15.0,78.072,False,,0.0,,,,,,20.0,0.0,,,3.911521443121589,1.820000000000008,,,3.128720008068619
2025,21,NOR,McLaren,1.0,69.511,False,,0.0,,,,,,1.0,25.0,,,2.345207879911715,-0.375,,,5.493430419854035
2025,21,ANT,Mercedes,2.0,69.685,False,,0.0,,,,,,2.0,18.0,,,3.646916505762096,-0.2569999999999908,,,3.4253953543107003
2025,21,VER,Red Bull,19.0,70.403,False,,0.0,,,,,,3.0,15.0,,,0.8944271909999119,-0.3079999999999927,,,5.6065437957206194
2025,21,RUS,Mercedes,6.0,69.942,False,,0.0,,,,,,4.0,12.0,,,2.588435821108957,0.2569999999999908,,,3.4140233677518315
2025,21,PIA,McLaren,4.0,69.886,False,,0.0,,,,,,5.0,10.0,,,7.092249290598858,0.375,,,5.566766466171254
2025,21,BEA,Haas F1 Team,8.0,69.977,False,,0.0,,,,,,6.0,8.0,,,3.2710854467592245,-0.4609999999999985,,,4.056544780420357
2025,21,LAW,RB F1 Team,7.0,69.962,False,,0.0,,,,,,7.0,6.0,,,5.52268050859363,0.0310000000000059,,,4.270050741306635
2025,21,HAD,RB F1 Team,5.0,69.931,False,,0.0,,,,,,8.0,4.0,,,2.549509756796393,-0.0310000000000059,,,4.089281382128434
2025,21,HUL,Sauber,10.0,70.039,False,,0.0,,,,,,9.0,2.0,,,5.079370039680118,,,,4.557045826702491
2025,21,GAS,Alpine F1 Team,9.0,70.002,False,,0.0,,,,,,10.0,1.0,,,1.816590212458496,-0.6300000000000097,,,1.6329931618554694
2025,21,ALB,Williams,12.0,70.053,False,,0.0,,,,,,11.0,0.0,,,2.9154759474226504,-0.4189999999999969,,,4.817791102892605
2025,21,OCO,Haas F1 Team,20.0,70.438,False,,0.0,,,,,,12.0,0.0,,,3.271085446759224,0.4609999999999985,,,4.433458644845541
2025,21,SAI,Williams,15.0,70.472,False,,0.0,,,,,,13.0,0.0,,,6.610597552415364,0.4189999999999969,,,4.503085362035435
2025,21,ALO,Aston Martin,11.0,70.001,False,,0.0,,,,,,14.0,0.0,,,5.167204273105526,-0.1599999999999966,,,3.8887301554906477
2025,21,COL,Alpine F1 Team,16.0,70.632,False,,0.0,,,,,,15.0,0.0,,,1.2247448713915905,0.6300000000000097,,,1.4757295747452628
2025,21,STR,Aston Martin,14.0,70.161,False,,0.0,,,,,,16.0,0.0,,,2.5884358211089578,0.1599999999999966,,,3.5213633723318143
2025,21,TSU,Red Bull,17.0,70.711,False,,0.0,,,,,,17.0,0.0,,,3.114482300479487,0.3079999999999927,,,4.8316088877768735
2025,21,HAM,Ferrari,13.0,70.1,False,,0.0,,,,,,18.0,0.0,,,1.7888543819998284,0.2949999999999875,,,2.44040069569642
2025,21,LEC,Ferrari,3.0,69.805,False,,0.0,,,,,,19.0,0.0,,,2.774887385102324,-0.2949999999999875,,,4.570436400267366
2025,21,BOR,Sauber,18.0,,False,,0.0,,,,,,20.0,0.0,,,4.438468204234429,,,,4.922736366426022
2026,1,RUS,Mercedes,1.0,78.518,False,,0.0,,,,,,1.0,25.0,,,,-0.2930000000000063,,,3.552776691859795
2026,1,ANT,Mercedes,2.0,78.811,False,,0.0,,,,,,2.0,18.0,,,,0.2930000000000063,,,3.4318767136623336
2026,1,LEC,Ferrari,4.0,79.327,False,,0.0,,,,,,3.0,15.0,,,,-0.1509999999999962,,,5.952590472502991
2026,1,HAM,Ferrari,7.0,79.478,False,,0.0,,,,,,4.0,12.0,,,,0.1509999999999962,,,5.77831194111991
2026,1,NOR,McLaren,6.0,79.475,False,,0.0,,,,,,5.0,10.0,,,,0.0949999999999988,,,5.518655230720204
2026,1,VER,Red Bull,20.0,,False,,0.0,,,,,,6.0,8.0,,,,,,,6.945022198188669
2026,1,BEA,Haas F1 Team,12.0,80.311,False,,0.0,,,,,,7.0,6.0,,,,-0.1799999999999926,,,4.237399621885534
2026,1,LIN,RB F1 Team,9.0,81.247,False,,0.0,,,,,,8.0,4.0,,,,1.253,,,4.508017549014448
2026,1,BOR,Audi,10.0,80.221,False,,0.0,,,,,,9.0,2.0,,,,-0.0819999999999936,,,
2026,1,GAS,Alpine F1 Team,14.0,80.501,False,,0.0,,,,,,10.0,1.0,,,,-0.7689999999999912,,,2.6853512081497204
2026,1,OCO,Haas F1 Team,13.0,80.491,False,,0.0,,,,,,11.0,0.0,,,,0.1799999999999926,,,4.372896319628714
2026,1,ALB,Williams,15.0,80.941,False,,0.0,,,,,,12.0,0.0,,,,,,,4.473378042498883
2026,1,LAW,RB F1 Team,8.0,79.994,False,,0.0,,,,,,13.0,0.0,,,,-1.253,,,4.526465385804789
2026,1,COL,Alpine F1 Team,16.0,81.27,False,,0.0,,,,,,14.0,0.0,,,,0.7689999999999912,,,2.7568097504180544
2026,1,SAI,Williams,21.0,,False,,0.0,,,,,,15.0,0.0,,,,,,,4.477102237434886
2026,1,PER,Cadillac F1 Team,18.0,82.605,False,,0.0,,,,,,16.0,0.0,,,,-0.6389999999999958,,,
2026,1,STR,Aston Martin,22.0,,False,,0.0,,,,,,17.0,0.0,,,,,,,3.573047252229777
2026,1,ALO,Aston Martin,17.0,81.969,False,,0.0,,,,,,18.0,0.0,,,,,,,3.3065591380366115
2026,1,BOT,Cadillac F1 Team,19.0,83.244,False,,0.0,,,,,,19.0,0.0,,,,0.6389999999999958,,,
2026,1,HAD,Red Bull,3.0,79.303,False,,0.0,,,,,,20.0,0.0,,,,,,,5.437523946307428
2026,1,PIA,McLaren,5.0,79.38,False,,0.0,,,,,,21.0,0.0,,,,-0.0949999999999988,,,5.486346689738072
2026,1,HUL,Audi,11.0,80.303,False,,0.0,,,,,,22.0,0.0,,,,0.0819999999999936,,,
2026,2,ANT,Mercedes,1.0,92.064,True,5.0,4.0,,,,,,1.0,25.0,,,,-0.2220000000000084,,,3.6530048514126627
2026,2,RUS,Mercedes,2.0,92.286,True,1.0,8.0,,,,,,2.0,18.0,,,,0.2220000000000084,,,3.8311588035185626
2026,2,HAM,Ferrari,3.0,92.415,True,3.0,6.0,,,,,,3.0,15.0,,,,-0.012999999999991,,,6.150880695748648
2026,2,LEC,Ferrari,4.0,92.428,True,2.0,7.0,,,,,,4.0,12.0,,,,0.012999999999991,,,6.306962642808169
2026,2,BEA,Haas F1 Team,10.0,93.292,True,8.0,1.0,,,,,,5.0,10.0,,,,-0.2459999999999951,,,4.189935029992194
2026,2,GAS,Alpine F1 Team,7.0,92.873,True,11.0,0.0,,,,,,6.0,8.0,,,,-0.4839999999999946,,,3.5039660069381147
2026,2,LAW,RB F1 Team,14.0,93.765,True,7.0,2.0,,,,,,7.0,6.0,,,,-0.0190000000000054,,,4.077035960378843
2026,2,HAD,Red Bull,9.0,93.121,True,15.0,0.0,,,,,,8.0,4.0,,,,0.1189999999999997,,,6.579429222120178
2026,2,SAI,Williams,17.0,94.317,True,12.0,0.0,,,,,,9.0,2.0,,,,-0.4550000000000125,,,3.9496835316262966
2026,2,COL,Alpine F1 Team,12.0,93.357,True,14.0,0.0,,,,,,10.0,1.0,,,,0.4839999999999946,,,3.142893217686187
2026,2,HUL,Audi,11.0,93.354,True,20.0,0.0,,,,,,11.0,0.0,,,,-0.6110000000000042,,,
2026,2,LIN,RB F1 Team,15.0,93.784,True,22.0,0.0,,,,,,12.0,0.0,,,,0.0190000000000054,,,4.391911757866828
2026,2,BOT,Cadillac F1 Team,19.0,95.436,True,21.0,0.0,,,,,,13.0,0.0,,,,-1.4699999999999989,,,
2026,2,OCO,Haas F1 Team,13.0,93.538,True,10.0,0.0,,,,,,14.0,0.0,,,,0.2459999999999951,,,4.4771022374349
2026,2,PER,Cadillac F1 Team,21.0,96.906,True,19.0,0.0,,,,,,15.0,0.0,,,,1.4699999999999989,,,
2026,2,VER,Red Bull,8.0,93.002,True,9.0,0.0,,,,,,16.0,0.0,,,,-0.1189999999999997,,,6.442911695119773
2026,2,ALO,Aston Martin,18.0,95.203,True,17.0,0.0,,,,,,17.0,0.0,,,,-0.7920000000000016,,,3.573047252229777
2026,2,STR,Aston Martin,20.0,95.995,True,18.0,0.0,,,,,,18.0,0.0,,,,0.7920000000000016,,,2.726414006223824
2026,2,PIA,McLaren,5.0,92.55,True,6.0,3.0,,,,,,19.0,0.0,,,,-0.0580000000000069,,,7.355270219373313
2026,2,NOR,McLaren,6.0,92.608,True,4.0,5.0,,,,,,20.0,0.0,,,,0.0580000000000069,,,5.788878225624634
2026,2,BOR,Audi,16.0,93.965,True,13.0,0.0,,,,,,21.0,0.0,,,,0.6110000000000042,,,
2026,2,ALB,Williams,22.0,94.772,True,16.0,0.0,,,,,,22.0,0.0,,,,0.4550000000000125,,,2.973961069759394
2026,3,ANT,Mercedes,1.0,88.778,False,,0.0,,,,,,1.0,25.0,,,,-0.2979999999999876,,,3.7475918193480533
2026,3,PIA,McLaren,3.0,89.132,False,,0.0,,,,,,2.0,18.0,,,,-0.277000000000001,,,7.972870666621067
2026,3,LEC,Ferrari,4.0,89.405,False,,0.0,,,,,,3.0,15.0,,,,-0.1619999999999919,,,6.306962642808169
2026,3,RUS,Mercedes,2.0,89.076,False,,0.0,,,,,,4.0,12.0,,,,0.2979999999999876,,,2.3475755815545383
2026,3,NOR,McLaren,5.0,89.409,False,,0.0,,,,,,5.0,10.0,,,,0.277000000000001,,,8.181279443542637
2026,3,HAM,Ferrari,6.0,89.567,False,,0.0,,,,,,6.0,8.0,,,,0.1619999999999919,,,6.373556481449133
2026,3,GAS,Alpine F1 Team,7.0,89.691,False,,0.0,,,,,,7.0,6.0,,,,-0.9359999999999928,,,3.928528138289631
2026,3,VER,Red Bull,11.0,90.262,False,,0.0,,,,,,8.0,4.0,,,,0.284000000000006,,,6.566751268490552
2026,3,LAW,RB F1 Team,14.0,90.495,False,,0.0,,,,,,9.0,2.0,,,,0.1760000000000019,,,4.249182927993987
2026,3,OCO,Haas F1 Team,12.0,90.309,False,,0.0,,,,,,10.0,1.0,,,,-0.7810000000000059,,,5.522680508593641
2026,3,HUL,Audi,13.0,90.387,False,,0.0,,,,,,11.0,0.0,,,,0.1129999999999995,,,
2026,3,HAD,Red Bull,8.0,89.978,False,,0.0,,,,,,12.0,0.0,,,,-0.284000000000006,,,6.56251984123985
2026,3,BOR,Audi,9.0,90.274,False,,0.0,,,,,,13.0,0.0,,,,-0.1129999999999995,,,
2026,3,LIN,RB F1 Team,10.0,90.319,False,,0.0,,,,,,14.0,0.0,,,,-0.1760000000000019,,,3.994440581052063
2026,3,SAI,Williams,16.0,91.033,False,,0.0,,,,,,15.0,0.0,,,,-0.0549999999999926,,,4.433458644845524
2026,3,COL,Alpine F1 Team,15.0,90.627,False,,0.0,,,,,,16.0,0.0,,,,0.9359999999999928,,,4.022160834399569
2026,3,PER,Cadillac F1 Team,19.0,92.206,False,,0.0,,,,,,17.0,0.0,,,,-0.1239999999999952,,,
2026,3,ALO,Aston Martin,21.0,92.646,False,,0.0,,,,,,18.0,0.0,,,,-0.2740000000000009,,,2.7968235951204248
2026,3,BOT,Cadillac F1 Team,20.0,92.33,False,,0.0,,,,,,19.0,0.0,,,,0.1239999999999952,,,
2026,3,ALB,Williams,17.0,91.088,False,,0.0,,,,,,20.0,0.0,,,,0.0549999999999926,,,4.089281382128429
2026,3,STR,Aston Martin,22.0,92.92,False,,0.0,,,,,,21.0,0.0,,,,0.2740000000000009,,,2.1499353995463095
2026,3,BEA,Haas F1 Team,18.0,91.09,False,,0.0,,,,,,22.0,0.0,,,,0.7810000000000059,,,3.7653389990514707
2026,4,ANT,Mercedes,1.0,87.798,True,6.0,3.0,,,,,,1.0,25.0,,,,-0.3990000000000009,,,2.160246899469291
2026,4,NOR,McLaren,4.0,88.183,True,1.0,8.0,,,,,,2.0,18.0,,,,-0.316999999999993,,,8.181279443542637
2026,4,PIA,McLaren,7.0,88.5,True,2.0,7.0,,,,,,3.0,15.0,,,,0.316999999999993,,,8.086339647138802
2026,4,RUS,Mercedes,5.0,88.197,True,4.0,5.0,,,,,,4.0,12.0,,,,0.3990000000000009,,,1.9578900207451273
2026,4,VER,Red Bull,2.0,87.964,True,5.0,4.0,,,,,,5.0,10.0,,,,-0.8250000000000028,,,6.932211447695143
2026,4,HAM,Ferrari,6.0,88.319,True,7.0,2.0,,,,,,6.0,8.0,,,,0.1760000000000019,,,6.306962642808169
2026,4,COL,Alpine F1 Team,8.0,88.762,True,10.0,0.0,,,,,,7.0,6.0,,,,-0.0480000000000018,,,3.7549966711037266
2026,4,LEC,Ferrari,3.0,88.143,True,3.0,6.0,,,,,,8.0,4.0,,,,-0.1760000000000019,,,6.303438215238836
2026,4,SAI,Williams,13.0,89.568,True,13.0,0.0,,,,,,9.0,2.0,,,,-0.3780000000000001,,,4.273952113286559
2026,4,ALB,Williams,15.0,89.946,True,18.0,0.0,,,,,,10.0,1.0,,,,0.3780000000000001,,,4.087922591134901
2026,4,BEA,Haas F1 Team,12.0,89.567,True,12.0,0.0,,,,,,11.0,0.0,,,,-0.2050000000000125,,,5.291502622129194
2026,4,BOR,Audi,21.0,93.737,True,22.0,0.0,,,,,,12.0,0.0,,,,4.298000000000002,,,5.576737397439475
2026,4,OCO,Haas F1 Team,14.0,89.772,True,11.0,0.0,,,,,,13.0,0.0,,,,0.2050000000000125,,,4.854551129266926
2026,4,LIN,RB F1 Team,16.0,90.133,True,21.0,0.0,,,,,,14.0,0.0,,,,0.6340000000000003,,,4.984420171338332
2026,4,ALO,Aston Martin,17.0,91.098,True,15.0,0.0,,,,,,15.0,0.0,,,,-0.0660000000000025,,,2.078995483935058
2026,4,PER,Cadillac F1 Team,20.0,91.967,True,16.0,0.0,,,,,,16.0,0.0,,,,0.3379999999999938,,,2.214669705568283
2026,4,STR,Aston Martin,18.0,91.164,True,17.0,0.0,,,,,,17.0,0.0,,,,0.0660000000000025,,,2.1499353995463117
2026,4,BOT,Cadillac F1 Team,19.0,91.629,True,19.0,0.0,,,,,,18.0,0.0,,,,-0.3379999999999938,,,2.345207879911715
2026,4,HUL,Audi,10.0,89.439,True,20.0,0.0,,,,,,19.0,0.0,,,,-4.298000000000002,,,5.17779140266618
2026,4,LAW,RB F1 Team,11.0,89.499,True,14.0,0.0,,,,,,20.0,0.0,,,,-0.6340000000000003,,,4.1217579852399
2026,4,GAS,Alpine F1 Team,9.0,88.81,True,8.0,1.0,,,,,,21.0,0.0,,,,0.0480000000000018,,,3.7416573867739507
2026,4,HAD,Red Bull,22.0,88.789,True,9.0,0.0,,,,,,22.0,0.0,,,,0.8250000000000028,,,5.872724145478734
2026,5,ANT,Mercedes,2.0,72.646,True,3.0,6.0,,,,,,1.0,25.0,,,,0.0679999999999978,,,1.3165611772087757
2026,5,HAM,Ferrari,5.0,72.868,True,6.0,3.0,,,,,,2.0,18.0,,,,-0.108000000000004,,,6.0772800933751085
2026,5,VER,Red Bull,6.0,72.907,True,7.0,2.0,,,,,,3.0,15.0,,,,-0.0280000000000057,,,6.704061787039592
2026,5,LEC,Ferrari,8.0,72.976,True,5.0,4.0,,,,,,4.0,12.0,,,,0.108000000000004,,,4.984420171338334
2026,5,HAD,Red Bull,7.0,72.935,True,21.0,0.0,,,,,,5.0,10.0,,,,0.0280000000000057,,,6.684143758012526
2026,5,COL,Alpine F1 Team,10.0,73.697,True,9.0,0.0,,,,,,6.0,8.0,,,,-0.4899999999999949,,,4.7888759989514655
2026,5,LAW,RB F1 Team,12.0,73.897,True,11.0,0.0,,,,,,7.0,6.0,,,,0.6170000000000044,,,4.184627953726723
2026,5,GAS,Alpine F1 Team,14.0,74.187,True,20.0,0.0,,,,,,8.0,4.0,,,,0.4899999999999949,,,4.922736366426035
2026,5,SAI,Williams,15.0,74.273,True,10.0,0.0,,,,,,9.0,2.0,,,,-0.578000000000003,,,4.926120853842975
2026,5,BEA,Haas F1 Team,16.0,74.416,True,18.0,0.0,,,,,,10.0,1.0,,,,-0.429000000000002,,,4.863697724525617
2026,5,PIA,McLaren,4.0,72.781,True,4.0,5.0,,,,,,11.0,0.0,,,,0.0520000000000067,,,8.286535263104037
2026,5,HUL,Audi,11.0,73.886,True,15.0,0.0,,,,,,12.0,0.0,,,,-0.1850000000000022,,,4.7987266829626565
2026,5,BOR,Audi,13.0,74.071,True,12.0,0.0,,,,,,13.0,0.0,,,,0.1850000000000022,,,5.092010548749033
2026,5,OCO,Haas F1 Team,17.0,74.845,True,13.0,0.0,,,,,,14.0,0.0,,,,0.429000000000002,,,4.552166761249232
2026,5,STR,Aston Martin,22.0,76.195,True,16.0,0.0,,,,,,15.0,0.0,,,,0.9989999999999952,,,1.7669811040931862
2026,5,BOT,Cadillac F1 Team,21.0,76.272,True,17.0,0.0,,,,,,16.0,0.0,,,,0.8430000000000035,,,2.065879266282796
2026,5,PER,Cadillac F1 Team,20.0,75.429,True,14.0,0.0,,,,,,17.0,0.0,,,,-0.8430000000000035,,,1.9436506316151003
2026,5,NOR,McLaren,3.0,72.729,True,2.0,7.0,,,,,,18.0,0.0,,,,-0.0520000000000067,,,8.206366092518932
2026,5,RUS,Mercedes,1.0,72.578,True,1.0,8.0,,,,,,19.0,0.0,,,,-0.0679999999999978,,,1.3703203194063067
2026,5,ALO,Aston Martin,19.0,75.196,True,22.0,0.0,,,,,,20.0,0.0,,,,-0.9989999999999952,,,1.9119507199600356
2026,5,ALB,Williams,18.0,74.851,True,19.0,0.0,,,,,,21.0,0.0,,,,0.578000000000003,,,4.477102237434884
2026,5,LIN,RB F1 Team,9.0,73.28,True,8.0,1.0,,,,,,22.0,0.0,,,,-0.6170000000000044,,,4.280446497997867
2026,6,ANT,Mercedes,1.0,72.051,False,,0.0,,,,,,1.0,25.0,,,0.4472135954999579,-0.3939999999999912,,,5.541760650832109
2026,6,HAM,Ferrari,3.0,72.279,False,,0.0,,,,,,2.0,18.0,,,1.788854381999832,-0.0720000000000027,,,1.8287822299126928
2026,6,GAS,Alpine F1 Team,9.0,73.226,False,,0.0,,,,,,3.0,15.0,,,6.107372593840988,-0.7690000000000055,,,4.994441354590573
2026,6,HAD,Red Bull,5.0,72.434,False,,0.0,,,,,,4.0,12.0,,,7.402702209328699,0.3400000000000034,,,6.704061787039592
2026,6,PIA,McLaren,7.0,72.624,False,,0.0,,,,,,5.0,10.0,,,8.78635305459552,-0.1410000000000053,,,8.232726023485652
2026,6,LAW,RB F1 Team,10.0,73.412,False,,0.0,,,,,,6.0,8.0,,,5.495452665613635,-0.8359999999999985,,,5.211099265563415
2026,6,LIN,RB F1 Team,15.0,74.248,False,,0.0,,,,,,7.0,6.0,,,5.0990195135927845,0.8359999999999985,,,5.606543795720616
2026,6,ALB,Williams,11.0,73.787,False,,0.0,,,,,,8.0,4.0,,,5.5677643628300215,-0.0279999999999915,,,5.223876806442593
2026,6,OCO,Haas F1 Team,17.0,74.722,False,,0.0,,,,,,9.0,2.0,,,1.8165902124584947,-0.0919999999999987,,,4.966554808583786
2026,6,ALO,Aston Martin,21.0,75.349,False,,0.0,,,,,,10.0,1.0,,,1.8165902124584947,-0.7120000000000033,,,1.8973665961010673
2026,6,BOR,Audi,16.0,74.683,False,,0.0,,,,,,11.0,0.0,,,4.449719092257398,0.7810000000000059,,,4.595891885393108
2026,6,RUS,Mercedes,6.0,72.445,False,,0.0,,,,,,12.0,0.0,,,7.3824115301167,0.3939999999999912,,,5.582711408148077
2026,6,HUL,Audi,13.0,73.902,False,,0.0,,,,,,13.0,0.0,,,5.1478150704935,-0.7810000000000059,,,4.377975178854566
2026,6,COL,Alpine F1 Team,14.0,73.995,False,,0.0,,,,,,14.0,0.0,,,4.33589667773576,0.7690000000000055,,,4.994441354590573
2026,6,PER,Cadillac F1 Team,18.0,74.747,False,,0.0,,,,,,15.0,0.0,,,0.8366600265340757,-0.5360000000000014,,,2.2010098692292237
2026,6,SAI,Williams,12.0,73.815,False,,0.0,,,,,,16.0,0.0,,,3.286335345030997,0.0279999999999915,,,5.553777493242274
2026,6,LEC,Ferrari,4.0,72.351,False,,0.0,,,,,,17.0,0.0,,,2.073644135332772,0.0720000000000027,,,1.969207398365589
2026,6,STR,Aston Martin,22.0,76.061,False,,0.0,,,,,,18.0,0.0,,,2.1908902300206647,0.7120000000000033,,,3.047767853510012
2026,6,NOR,McLaren,8.0,72.765,False,,0.0,,,,,,19.0,0.0,,,8.336666000266533,0.1410000000000053,,,8.099382692526639
2026,6,BEA,Haas F1 Team,19.0,74.814,False,,0.0,,,,,,20.0,0.0,,,6.59545297913646,0.0919999999999987,,,4.620004810002316
2026,6,BOT,Cadillac F1 Team,20.0,75.283,False,,0.0,,,,,,21.0,0.0,,,2.549509756796392,0.5360000000000014,,,1.837873166945363
2026,6,VER,Red Bull,2.0,72.094,False,,0.0,,,,,,22.0,0.0,,,5.029910535983717,-0.3400000000000034,,,6.063552314169204
2026,7,HAM,Ferrari,2.0,74.743,False,,0.0,,,,,,1.0,25.0,,,2.04939015319192,-0.5380000000000109,,,4.478342947514802
2026,7,RUS,Mercedes,1.0,74.679,False,,0.0,,,,,,2.0,18.0,,,7.155417527999327,-0.3190000000000026,,,6.903300337922112
2026,7,NOR,McLaren,4.0,75.001,False,,0.0,,,,,,3.0,15.0,,,8.5848704125339,-0.0889999999999986,,,7.83439709089205
2026,7,VER,Red Bull,5.0,75.021,False,,0.0,,,,,,4.0,12.0,,,7.981227975693965,-0.0559999999999973,,,7.318925239860475
2026,7,PIA,McLaren,7.0,75.09,False,,0.0,,,,,,5.0,10.0,,,7.071067811865476,0.0889999999999986,,,7.349225204816567
2026,7,HAD,Red Bull,6.0,75.077,False,,0.0,,,,,,6.0,8.0,,,7.293833011524188,0.0559999999999973,,,7.214953607304457
2026,7,GAS,Alpine F1 Team,14.0,76.261,False,,0.0,,,,,,7.0,6.0,,,6.96419413859206,0.0699999999999931,,,5.533734925185909
2026,7,LAW,RB F1 Team,8.0,76.542,False,,0.0,,,,,,8.0,4.0,,,5.805170109479997,0.7019999999999982,,,5.692099788303083
2026,7,LIN,RB F1 Team,11.0,75.84,False,,0.0,,,,,,9.0,2.0,,,5.403702434442518,-0.7019999999999982,,,5.606543795720616
2026,7,COL,Alpine F1 Team,13.0,76.191,False,,0.0,,,,,,10.0,1.0,,,4.33589667773576,-0.0699999999999931,,,5.533734925185909
2026,7,BOR,Audi,12.0,76.001,False,,0.0,,,,,,11.0,0.0,,,4.0,-0.6559999999999917,,,3.5023801430836525
2026,7,SAI,Williams,16.0,77.827,False,,0.0,,,,,,12.0,0.0,,,3.5777087639996634,0.4029999999999916,,,5.060742150229659
2026,7,OCO,Haas F1 Team,17.0,77.073,False,,0.0,,,,,,13.0,0.0,,,2.3452078799117144,0.6839999999999975,,,4.422166387140536
2026,7,PER,Cadillac F1 Team,19.0,77.545,False,,0.0,,,,,,14.0,0.0,,,1.0,-0.2120000000000033,,,2.2236106773543893
2026,7,LEC,Ferrari,10.0,75.281,False,,0.0,,,,,,15.0,0.0,,,5.805170109479997,0.5380000000000109,,,4.6439925351648315
2026,7,ANT,Mercedes,3.0,74.998,False,,0.0,,,,,,16.0,0.0,,,0.0,0.3190000000000026,,,6.09553570701998
2026,7,BEA,Haas F1 Team,15.0,76.389,False,,0.0,,,,,,17.0,0.0,,,7.162401831787994,-0.6839999999999975,,,5.09465951321142
2026,7,ALB,Williams,18.0,77.424,False,,0.0,,,,,,18.0,0.0,,,6.648308055437865,-0.4029999999999916,,,5.586690532964136
2026,7,ALO,Aston Martin,22.0,78.815,False,,0.0,,,,,,19.0,0.0,,,3.8078865529319534,0.0570000000000021,,,3.071373199943874
2026,7,HUL,Audi,9.0,76.657,False,,0.0,,,,,,20.0,0.0,,,3.3466401061363023,0.6559999999999917,,,2.412928142780514
2026,7,BOT,Cadillac F1 Team,20.0,77.757,False,,0.0,,,,,,21.0,0.0,,,3.049590136395381,0.2120000000000033,,,2.263232692902394
2026,7,STR,Aston Martin,21.0,78.758,False,,0.0,,,,,,22.0,0.0,,,2.16794833886788,-0.0570000000000021,,,3.1428932176862
2026,8,RUS,Mercedes,1.0,66.113,False,,0.0,,,,,,1.0,25.0,,,7.155417527999327,-0.3010000000000019,,,6.76674876797483
2026,8,VER,Red Bull,5.0,66.475,False,,0.0,,,,,,2.0,18.0,,,7.829431652425353,-0.1570000000000107,,,7.245688373094723
2026,8,ANT,Mercedes,4.0,66.414,False,,0.0,,,,,,3.0,15.0,,,6.708203932499369,0.3010000000000019,,,6.903300337922112
2026,8,PIA,McLaren,7.0,66.511,False,,0.0,,,,,,4.0,12.0,,,3.492849839314596,0.0090000000000003,,,6.398784606817487
2026,8,HAM,Ferrari,3.0,66.408,False,,0.0,,,,,,5.0,10.0,,,2.4083189157584592,0.0589999999999975,,,5.521674464226311
2026,8,HAD,Red Bull,8.0,66.632,False,,0.0,,,,,,6.0,8.0,,,7.496665925596525,0.1570000000000107,,,7.264066813202279
2026,8,NOR,McLaren,6.0,66.502,False,,0.0,,,,,,7.0,6.0,,,8.384509526501834,-0.0090000000000003,,,6.44722162382112
2026,8,LEC,Ferrari,2.0,66.349,False,,0.0,,,,,,8.0,4.0,,,6.348228099241552,-0.0589999999999975,,,5.538752366533261
2026,8,LAW,RB F1 Team,9.0,66.955,False,,0.0,,,,,,9.0,2.0,,,5.70087712549569,-0.0520000000000067,,,5.680375574437544
2026,8,LIN,RB F1 Team,10.0,67.007,False,,0.0,,,,,,10.0,1.0,,,5.805170109479997,0.0520000000000067,,,5.680375574437544
2026,8,BOR,Audi,12.0,67.293,False,,0.0,,,,,,11.0,0.0,,,1.0,-0.3179999999999978,,,3.2744804507314167
2026,8,HUL,Audi,14.0,67.611,False,,0.0,,,,,,12.0,0.0,,,4.183300132670378,0.3179999999999978,,,3.3681514877517675
2026,8,GAS,Alpine F1 Team,11.0,67.223,False,,0.0,,,,,,13.0,0.0,,,6.870225614927067,-0.9480000000000076,,,5.349974039397042
2026,8,BEA,Haas F1 Team,13.0,67.523,False,,0.0,,,,,,14.0,0.0,,,5.3385391260156565,-0.2939999999999969,,,4.433458644845533
2026,8,COL,Alpine F1 Team,16.0,68.171,False,,0.0,,,,,,15.0,0.0,,,4.33589667773576,0.9480000000000076,,,5.4660568765589925
2026,8,OCO,Haas F1 Team,15.0,67.817,False,,0.0,,,,,,16.0,0.0,,,2.16794833886788,0.2939999999999969,,,3.414023367751839
2026,8,ALB,Williams,18.0,68.509,False,,0.0,,,,,,17.0,0.0,,,5.9833101206606365,0.257000000000005,,,4.8488257455915145
2026,8,ALO,Aston Martin,21.0,69.942,False,,0.0,,,,,,18.0,0.0,,,4.03732584763727,-0.4210000000000065,,,3.5039660069381275
2026,8,STR,Aston Martin,22.0,70.363,False,,0.0,,,,,,19.0,0.0,,,2.8809720581775866,0.4210000000000065,,,3.5039660069381275
2026,8,SAI,Williams,17.0,68.252,False,,0.0,,,,,,20.0,0.0,,,3.271085446759225,-0.257000000000005,,,4.503085362035432
2026,8,PER,Cadillac F1 Team,19.0,68.945,False,,0.0,,,,,,21.0,0.0,,,1.30384048104053,-0.0850000000000079,,,2.7507574714370344
2026,8,BOT,Cadillac F1 Team,20.0,69.03,False,,0.0,,,,,,22.0,0.0,,,2.121320343559644,0.0850000000000079,,,2.366431913239847
2026,9,LEC,Ferrari,2.0,88.286,True,5.0,4.0,,,,,,1.0,25.0,,,5.412947441089743,-0.171999999999997,,,5.562773089426215
2026,9,RUS,Mercedes,4.0,88.481,True,4.0,5.0,,,,,,2.0,18.0,,,7.700649323271382,0.3699999999999903,,,7.22956891292051
2026,9,HAM,Ferrari,3.0,88.458,True,2.0,7.0,,,,,,3.0,15.0,,,2.16794833886788,0.171999999999997,,,5.432413009990232
2026,9,NOR,McLaren,6.0,88.877,True,3.0,6.0,,,,,,4.0,12.0,,,8.167006795638168,-0.1550000000000011,,,6.236986451805069
2026,9,HAD,Red Bull,5.0,88.746,True,9.0,0.0,,,,,,5.0,10.0,,,7.536577472566709,-0.1470000000000055,,,7.534365710971741
2026,9,LAW,RB F1 Team,10.0,89.716,True,8.0,1.0,,,,,,6.0,8.0,,,5.70087712549569,0.4109999999999871,,,5.633234713140694
2026,9,LIN,RB F1 Team,9.0,89.305,True,10.0,0.0,,,,,,7.0,6.0,,,5.941380311005179,-0.4109999999999871,,,4.894441291460704
2026,9,BOR,Audi,11.0,89.461,True,13.0,0.0,,,,,,8.0,4.0,,,0.8944271909999159,-0.6149999999999949,,,3.3065591380365986
2026,9,COL,Alpine F1 Team,19.0,91.321,True,12.0,0.0,,,,,,9.0,2.0,,,4.03732584763727,1.2579999999999956,,,5.337498373666166
2026,9,GAS,Alpine F1 Team,15.0,90.063,True,11.0,0.0,,,,,,10.0,1.0,,,6.913754406977441,-1.2579999999999956,,,5.232377832092963
2026,9,PIA,McLaren,8.0,89.032,True,7.0,2.0,,,,,,11.0,0.0,,,3.130495168499705,0.1550000000000011,,,6.0635523141692
2026,9,BEA,Haas F1 Team,13.0,90.501,True,14.0,0.0,,,,,,12.0,0.0,,,4.159326868617086,-0.179000000000002,,,3.3349995835415425
2026,9,OCO,Haas F1 Team,17.0,90.68,True,16.0,0.0,,,,,,13.0,0.0,,,2.549509756796392,0.179000000000002,,,3.25917508308809
2026,9,PER,Cadillac F1 Team,20.0,91.451,True,22.0,0.0,,,,,,14.0,0.0,,,2.701851217221259,0.2239999999999895,,,2.9981475762358474
2026,9,ANT,Mercedes,1.0,88.111,True,1.0,8.0,,,,,,15.0,0.0,,,6.54217089351845,-0.3699999999999903,,,6.944222218666553
2026,9,BOT,Cadillac F1 Team,18.0,91.227,True,19.0,0.0,,,,,,16.0,0.0,,,2.509980079602227,-0.2239999999999895,,,2.9230881691191666
2026,9,SAI,Williams,14.0,90.623,True,17.0,0.0,,,,,,17.0,0.0,,,4.764451699828638,-0.7179999999999893,,,5.173651192984181
2026,9,ALO,Aston Martin,21.0,93.025,True,20.0,0.0,,,,,,18.0,0.0,,,4.03732584763727,0.1620000000000061,,,3.3349995835415585
2026,9,STR,Aston Martin,22.0,92.863,True,21.0,0.0,,,,,,19.0,0.0,,,2.588435821108957,-0.1620000000000061,,,3.2386554137309886
2026,9,VER,Red Bull,7.0,88.893,True,6.0,3.0,,,,,,20.0,0.0,,,8.34865258589672,0.1470000000000055,,,5.692099788303087
2026,9,ALB,Williams,16.0,91.341,True,18.0,0.0,,,,,,21.0,0.0,,,5.540758070878027,0.7179999999999893,,,4.944132324730441
2026,9,HUL,Audi,12.0,90.076,True,15.0,0.0,,,,,,22.0,0.0,,,3.96232255123179,0.6149999999999949,,,3.7118429085533484
2026,10,ANT,Mercedes,1.0,104.361,False,,0.0,,,,,,1.0,25.0,,,7.628892449104261,-0.5079999999999956,,,7.360555534589611
2026,10,LEC,Ferrari,4.0,104.893,False,,0.0,,,,,,2.0,18.0,,,6.892024376045111,-0.0019999999999953,,,5.676462121975469
2026,10,VER,Red Bull,2.0,104.678,False,,0.0,,,,,,3.0,15.0,,,9.909591313469996,-1.144999999999996,,,7.099295739719543
2026,10,HAM,Ferrari,5.0,104.895,False,,0.0,,,,,,4.0,12.0,,,1.51657508881031,0.0019999999999953,,,5.788878225624645
2026,10,PIA,McLaren,6.0,105.016,False,,0.0,,,,,,5.0,10.0,,,3.492849839314596,0.2150000000000034,,,4.880801391392831
2026,10,HAD,Red Bull,21.0,105.823,False,,0.0,,,,,,6.0,8.0,,,0.8366600265340712,1.144999999999996,,,7.134423592694791
2026,10,NOR,McLaren,13.0,104.801,False,,0.0,,,,,,7.0,6.0,,,7.726577508832744,-0.2150000000000034,,,5.869885480616769
2026,10,BOR,Audi,8.0,105.628,False,,0.0,,,,,,8.0,4.0,,,1.788854381999832,-1.0430000000000064,,,4.321779468896786
2026,10,LIN,RB F1 Team,7.0,105.143,False,,0.0,,,,,,9.0,2.0,,,6.284902544988268,-0.977000000000004,,,4.742245131674327
2026,10,COL,Alpine F1 Team,11.0,106.392,False,,0.0,,,,,,10.0,1.0,,,3.7013511046643495,0.0609999999999928,,,3.749073959734008
2026,10,GAS,Alpine F1 Team,10.0,106.331,False,,0.0,,,,,,11.0,0.0,,,3.7013511046643486,-0.0609999999999928,,,3.541813722437209
2026,10,LAW,RB F1 Team,9.0,106.12,False,,0.0,,,,,,12.0,0.0,,,1.3038404810405295,0.977000000000004,,,4.724639903973866
2026,10,HUL,Audi,12.0,106.671,False,,0.0,,,,,,13.0,0.0,,,4.816637831516918,1.0430000000000064,,,4.638007234913624
2026,10,BEA,Haas F1 Team,14.0,106.779,False,,0.0,,,,,,14.0,0.0,,,3.97492138287036,-1.0220000000000056,,,3.25917508308809
2026,10,ALB,Williams,15.0,107.12,False,,0.0,,,,,,15.0,0.0,,,5.338539126015655,0.3430000000000035,,,4.724639903973865
2026,10,SAI,Williams,19.0,106.777,False,,0.0,,,,,,16.0,0.0,,,4.324349662087931,-0.3430000000000035,,,4.372896319628695
2026,10,OCO,Haas F1 Team,16.0,107.801,False,,0.0,,,,,,17.0,0.0,,,2.549509756796392,1.0220000000000056,,,2.9739610697593997
2026,10,BOT,Cadillac F1 Team,17.0,107.823,False,,0.0,,,,,,18.0,0.0,,,2.949576240750525,-0.1480000000000103,,,3.198958163736021
2026,10,ALO,Aston Martin,22.0,110.002,False,,0.0,,,,,,19.0,0.0,,,4.0,-0.1750000000000113,,,3.2591750830881088
2026,10,STR,Aston Martin,20.0,110.177,False,,0.0,,,,,,20.0,0.0,,,2.5099800796022267,0.1750000000000113,,,3.198958163736045
2026,10,PER,Cadillac F1 Team,18.0,107.971,False,,0.0,,,,,,21.0,0.0,,,2.949576240750525,0.1480000000000103,,,3.142893217686178
2026,10,RUS,Mercedes,3.0,104.869,False,,0.0,,,,,,22.0,0.0,,,7.981227975693966,0.5079999999999956,,,7.360555534589611
2026,11,NOR,McLaren,1.0,77.207,False,,0.0,,,,,,1.0,25.0,,,6.4031242374328485,-0.4770000000000038,,,4.784233364802437
2026,11,VER,Red Bull,4.0,77.725,False,,0.0,,,,,,2.0,18.0,,,9.909591313469996,-0.1310000000000002,,,7.007932013876217
2026,11,ANT,Mercedes,7.0,77.479,False,,0.0,,,,,,3.0,15.0,,,7.628892449104261,-0.2810000000000059,,,7.933753490274602
2026,11,LEC,Ferrari,2.0,77.445,False,,0.0,,,,,,4.0,12.0,,,7.300684899377591,0.2259999999999991,,,5.646040894093648
2026,11,HAM,Ferrari,5.0,77.219,False,,0.0,,,,,,5.0,10.0,,,1.5811388300841895,-0.2259999999999991,,,5.788878225624645
2026,11,HAD,Red Bull,8.0,77.856,False,,0.0,,,,,,6.0,8.0,,,0.8944271909999119,0.1310000000000002,,,7.099295739719543
2026,11,RUS,Mercedes,6.0,77.76,False,,0.0,,,,,,7.0,6.0,,,9.121403400793104,0.2810000000000059,,,7.775317071062474
2026,11,LAW,RB F1 Team,11.0,78.765,False,,0.0,,,,,,8.0,4.0,,,2.489979919597747,0.4839999999999946,,,1.888562063228695
2026,11,HUL,Audi,10.0,78.686,False,,0.0,,,,,,9.0,2.0,,,4.636809247747851,-0.4189999999999969,,,4.629614814791112
2026,11,LIN,RB F1 Team,9.0,78.281,False,,0.0,,,,,,10.0,1.0,,,1.3416407864998738,-0.4839999999999946,,,1.7159383568311553
2026,11,BOR,Audi,14.0,79.105,False,,0.0,,,,,,11.0,0.0,,,1.643167672515499,0.4189999999999969,,,4.629614814791112
2026,11,GAS,Alpine F1 Team,12.0,78.844,False,,0.0,,,,,,12.0,0.0,,,3.898717737923585,-0.1830000000000069,,,3.622460796505919
2026,11,STR,Aston Martin,20.0,80.659,False,,0.0,,,,,,13.0,0.0,,,1.5165750888103096,0.8509999999999991,,,2.0110804171998256
2026,11,ALO,Aston Martin,16.0,79.808,False,,0.0,,,,,,14.0,0.0,,,3.8340579025361614,-0.8509999999999991,,,3.1198290551460515
2026,11,COL,Alpine F1 Team,13.0,79.027,False,,0.0,,,,,,15.0,0.0,,,2.701851217221259,0.1830000000000069,,,3.4896672875473174
2026,11,OCO,Haas F1 Team,15.0,79.734,False,,0.0,,,,,,16.0,0.0,,,3.130495168499705,-0.4990000000000094,,,2.913569784454958
2026,11,ALB,Williams,19.0,80.658,False,,0.0,,,,,,17.0,0.0,,,4.868264577855233,0.0370000000000061,,,3.771236166328247
2026,11,SAI,Williams,18.0,80.621,False,,0.0,,,,,,18.0,0.0,,,2.86356421265527,-0.0370000000000061,,,2.5144029554194693
2026,11,BEA,Haas F1 Team,17.0,80.233,False,,0.0,,,,,,19.0,0.0,,,3.130495168499708,0.4990000000000094,,,3.1001792062897153
2026,11,PIA,McLaren,3.0,77.684,False,,0.0,,,,,,20.0,0.0,,,2.8284271247461903,0.4770000000000038,,,2.699794230842195
2026,11,PER,Cadillac F1 Team,22.0,81.322,False,,0.0,,,,,,21.0,0.0,,,3.674234614174767,0.436000000000007,,,3.3730961708462703
2026,11,BOT,Cadillac F1 Team,21.0,80.886,False,,0.0,,,,,,22.0,0.0,,,2.5099800796022267,-0.436000000000007,,,3.267686915507324
